Manufacturer,Category,Screen Size,RAM,Storage,Operating System,Weight,Price,Screen Name
Other Manufacturer,Ultrabook,13.3,8.0,128,MacOS,1.37,11912523.0,IPS Panel Retina Display
Other Manufacturer,Ultrabook,13.3,8.0,128,MacOS,1.34,7993374.0,IPS Panel Retina Display
HP,Notebook,15.6,8.0,256,MacOS,1.86,5112900.0,Full HD
Other Manufacturer,Ultrabook,15.4,14.0,512,MacOS,1.83,22563005.0,IPS Panel Retina Display
Other Manufacturer,Ultrabook,13.3,8.0,256,MacOS,1.37,16037611.0,IPS Panel Retina Display
Acer,Notebook,15.6,4.0,500,Windows,2.1,3556800.0,IPS Panel Retina Display
Other Manufacturer,Ultrabook,15.4,14.0,256,MacOS,2.04,19028613.0,IPS Panel Retina Display
Other Manufacturer,Ultrabook,13.3,8.0,256,MacOS,1.34,10303160.0,IPS Panel Retina Display
Asus,Ultrabook,14.0,14.0,512,Windows,1.3,13293540.0,Full HD
Acer,Ultrabook,14.0,8.0,256,Windows,1.6,6846840.0,IPS Panel Full HD
HP,Notebook,15.6,4.0,500,MacOS,1.86,3502559.0,Full HD
HP,Notebook,15.6,4.0,500,MacOS,1.86,3067651.0,Full HD
Other Manufacturer,Ultrabook,15.4,14.0,256,MacOS,1.83,21696213.0,IPS Panel Retina Display
Dell,Notebook,15.6,4.0,256,Windows,2.2,4436219.0,Full HD
Other Manufacturer,Ultrabook,12.0,8.0,256,MacOS,0.92,11225261.0,IPS Panel Retina Display
Other Manufacturer,Ultrabook,13.3,8.0,256,MacOS,1.37,13502947.0,IPS Panel Retina Display
Dell,Notebook,15.6,8.0,256,Windows,2.2,6624540.0,Full HD
Other Manufacturer,Ultrabook,15.4,14.0,512,MacOS,1.83,24958343.625,IPS Panel Retina Display
Lenovo,Notebook,15.6,8.0,1,MacOS,2.2,4437108.0,Full HD
Dell,Ultrabook,13.3,8.0,128,Windows,1.22,8705268.0,IPS Panel Full HD / Touchscreen
Asus,Netbook,11.600000000000001,2.0,32,Windows,0.98,1706375.0,Full HD
Lenovo,Gaming,15.6,8.0,128,Windows,2.5,8883108.0,IPS Panel Full HD
HP,Notebook,15.6,4.0,500,MacOS,1.86,2294136.0,Full HD
Dell,2 in 1 Convertible,13.3,8.0,256,Windows,1.62,7282548.0,Full HD / Touchscreen
HP,Ultrabook,15.6,8.0,256,Windows,1.91,5859828.0,Full HD
Dell,Notebook,15.6,4.0,1,Windows,2.3,3722547.0,Full HD / Touchscreen
Other Manufacturer,Ultrabook,13.3,8.0,128,MacOS,1.35,9772308.0,IPS Panel Retina Display
Dell,Notebook,15.6,8.0,256,Windows,2.2,7113600.0,Full HD
Dell,Ultrabook,15.6,8.0,256,Windows,1.88,11541816.0,Full HD
HP,Notebook,17.3,8.0,1,Windows,2.5,7967232.0,Full HD
Other Manufacturer,Notebook,15.6,4.0,64,Windows,1.89,2178451.0,Full HD
Asus,Notebook,14.0,2.0,32,Windows,1.65,1769508.0,Full HD
HP,Notebook,17.3,4.0,500,Windows,2.71,3903588.0,Full HD
Dell,Ultrabook,13.3,14.0,512,Windows,1.2,16619148.0,Other Screen Name
Other Manufacturer,Ultrabook,13.3,8.0,256,MacOS,1.35,8874216.0,IPS Panel Retina Display
Lenovo,Notebook,14.0,4.0,64,Windows,1.44,2214108.0,IPS Panel Full HD
Acer,Notebook,15.6,4.0,1,Linux,2.1,3263364.0,IPS Panel Full HD
Dell,Notebook,17.3,8.0,128,Windows,2.8,8705268.0,IPS Panel Full HD
HP,Notebook,15.6,4.0,1,Windows,1.86,4345431.0,Full HD
HP,Notebook,15.6,8.0,256,Windows,2.1,7816068.0,Full HD
Asus,Notebook,15.6,4.0,1,Linux,2.0,3458988.0,Full HD
Dell,Gaming,15.6,14.0,256,Windows,2.65,13329108.0,IPS Panel Full HD
Asus,Notebook,15.6,8.0,1,Linux,2.3,4650427.0,Full HD
Acer,Notebook,15.6,4.0,256,Windows,2.2,6064344.0,IPS Panel Full HD
Dell,2 in 1 Convertible,17.3,12.0,1,Windows,2.77,8883108.0,Full HD / Touchscreen
Other Manufacturer,Ultrabook,13.3,8.0,256,MacOS,1.37,12617748.0,IPS Panel Retina Display
Lenovo,Notebook,15.6,4.0,128,MacOS,2.2,3281148.0,IPS Panel Full HD
Asus,Gaming,17.3,8.0,256,Windows,3.2,11550708.0,Full HD
Dell,Notebook,15.6,4.0,256,Windows,2.3,5681988.0,Full HD
Asus,Notebook,17.3,4.0,1,Windows,2.8,4143672.0,Full HD
Lenovo,2 in 1 Convertible,11.600000000000001,4.0,64,Android,0.69,2836548.0,Other Screen Name
Acer,Notebook,15.6,8.0,256,Windows,2.2,7478172.0,IPS Panel Full HD
HP,Notebook,15.6,4.0,256,Windows,1.86,3543373.0,Full HD
HP,Notebook,13.3,8.0,512,Windows,1.49,9807876.0,Full HD
Acer,Notebook,15.6,4.0,1,Windows,2.4,3414528.0,IPS Panel Full HD
Dell,Notebook,15.6,8.0,256,Windows,2.13,6827278.0,Full HD
HP,Notebook,15.6,4.0,128,Windows,1.91,3903588.0,Full HD
Asus,Notebook,15.6,4.0,256,Windows,2.0,5212401.0,Full HD
MSI,Gaming,17.3,14.0,256,Windows,2.43,21776508.0,Full HD
Asus,Notebook,15.6,4.0,256,Linux,2.0,3690180.0,Full HD
Dell,Notebook,17.3,14.0,256,Windows,2.8,11550708.0,Full HD
Dell,Ultrabook,14.0,8.0,256,Windows,1.7,7816068.0,Full HD
Lenovo,Notebook,14.0,8.0,256,MacOS,1.7,5326308.0,IPS Panel Full HD
Asus,Notebook,14.0,8.0,256,Windows,1.4,8367372.0,Full HD
HP,Notebook,15.6,8.0,256,Windows,1.86,6135480.0,Full HD
Asus,Ultrabook,15.6,14.0,512,Windows,1.8,17632836.0,Full HD
HP,Notebook,15.6,4.0,500,Windows,1.86,3900831.0,Full HD
HP,Notebook,14.0,4.0,32,Windows,1.44,2036268.0,Full HD
Lenovo,Notebook,15.6,4.0,1,Windows,1.9,4881708.0,Full HD
Asus,Gaming,17.3,12.0,1,Linux,3.0,8438508.0,Full HD
Other Manufacturer,Ultrabook,13.5,4.0,128,Windows,1.252,9683388.0,Touchscreen
Dell,Ultrabook,13.3,8.0,256,Windows,1.4,8491860.0,IPS Panel Full HD
Dell,Notebook,15.6,8.0,256,Windows,2.2,7736040.0,Full HD
MSI,Gaming,17.3,8.0,128,Windows,2.7,9736740.0,Full HD
Acer,Notebook,14.0,8.0,1,Windows,2.1,3458988.0,IPS Panel Full HD
Asus,Gaming,15.6,8.0,1,Windows,2.2,8438508.0,Full HD
Lenovo,Notebook,15.6,8.0,2,MacOS,2.2,4614948.0,Full HD
Dell,Notebook,15.6,8.0,128,Windows,2.02,7602660.0,Full HD
Acer,Notebook,15.6,4.0,1,Windows,2.2,4712760.0,Full HD
HP,Notebook,17.3,8.0,128,Windows,2.5,8687484.0,Full HD
Dell,Ultrabook,15.6,8.0,256,Windows,1.88,9747055.0,IPS Panel Full HD
Other Manufacturer,Ultrabook,12.0,8.0,512,MacOS,0.92,13426920.0,IPS Panel Retina Display
HP,Notebook,14.0,8.0,256,Windows,1.63,7647120.0,Full HD
Lenovo,Notebook,15.6,4.0,128,Windows,2.2,3547908.0,Full HD
Acer,Notebook,15.6,4.0,1,Windows,2.1,3512340.0,Full HD
Dell,Gaming,15.6,14.0,128,Windows,2.65,11995308.0,IPS Panel Full HD
HP,Ultrabook,15.6,8.0,256,Windows,1.83,6215508.0,IPS Panel Full HD
HP,Notebook,15.6,8.0,256,Windows,1.96,5326219.0,Full HD
Asus,Gaming,15.6,14.0,128,Windows,2.2,12884508.0,IPS Panel Full HD
Dell,Ultrabook,13.3,8.0,256,Windows,1.21,14662908.0,IPS Panel Full HD
Asus,Gaming,15.6,8.0,1,Windows,2.45,6215508.0,Full HD
Acer,Notebook,15.6,8.0,1,Windows,2.2,6126588.0,Full HD
HP,Notebook,13.3,14.0,512,Windows,1.49,10643724.0,Full HD
Dell,Gaming,15.6,8.0,256,Windows,2.65,10625940.0,Full HD
Asus,Ultrabook,14.0,8.0,256,Windows,1.25,9327708.0,Full HD
Acer,2 in 1 Convertible,13.3,8.0,256,Windows,1.5,7531524.0,IPS Panel Full HD / Touchscreen
Dell,Notebook,15.6,8.0,1,Linux,2.2,5334311.0,Full HD
Dell,Notebook,15.6,4.0,256,Linux,2.2,4312620.0,Full HD
Asus,Notebook,15.6,6.0,256,Windows,2.0,5130684.0,Full HD
HP,Gaming,15.6,12.0,128,Windows,2.62,11106108.0,IPS Panel Full HD
HP,Notebook,15.6,8.0,256,Windows,1.91,6393348.0,Full HD
HP,Notebook,15.6,4.0,500,Windows,2.1,3103308.0,Full HD
Dell,Notebook,15.6,8.0,1,Linux,2.2,5753124.0,Full HD
HP,Ultrabook,13.3,8.0,256,Windows,1.38,9950148.0,IPS Panel Full HD
Other Manufacturer,Ultrabook,13.5,8.0,256,Windows,1.252,11915280.0,Touchscreen
HP,Notebook,14.0,6.0,256,Windows,1.58,5859828.0,IPS Panel Full HD
Lenovo,Notebook,15.6,4.0,1,Windows,1.85,3689291.0,Full HD
Asus,Ultrabook,14.0,8.0,256,Windows,1.3,10608156.0,IPS Panel Full HD
MSI,Gaming,15.6,14.0,256,Windows,2.2,11550708.0,Full HD
Lenovo,Notebook,14.0,8.0,256,Windows,1.58,13160160.0,IPS Panel Full HD
Asus,Ultrabook,15.6,14.0,256,Windows,1.5,11221704.0,Full HD
Dell,Ultrabook,13.3,8.0,256,Windows,1.23,12262068.0,Quad HD+ / Touchscreen
Lenovo,2 in 1 Convertible,13.3,8.0,256,Windows,1.37,12439908.0,IPS Panel Full HD / Touchscreen
HP,Notebook,14.0,4.0,500,Windows,1.63,6420024.0,Other Screen Name
Dell,Ultrabook,13.3,8.0,256,Windows,1.21,14485068.0,IPS Panel Full HD
HP,2 in 1 Convertible,13.3,8.0,256,Windows,1.26,12439819.0,IPS Panel Full HD / Touchscreen
HP,Notebook,14.0,8.0,512,Windows,1.63,9638928.0,Full HD
Dell,Notebook,15.6,8.0,256,Windows,2.16,10050894.0,IPS Panel Full HD
Asus,Notebook,17.3,4.0,1,Windows,2.0,5015088.0,Full HD
Asus,Notebook,15.6,8.0,256,Windows,1.7,9941256.0,Full HD
Acer,Notebook,15.6,6.0,1,Windows,2.1,4259268.0,IPS Panel Full HD / Touchscreen
MSI,Gaming,15.6,14.0,256,Windows,1.8,19931418.0,Full HD
Lenovo,Notebook,15.6,8.0,256,MacOS,2.2,5593068.0,Full HD
HP,Notebook,17.3,14.0,512,Windows,2.5,11301732.0,Full HD
Acer,Notebook,15.6,4.0,256,Windows,2.1,4010292.0,IPS Panel Full HD / Touchscreen
HP,Notebook,15.6,4.0,500,MacOS,1.86,2303028.0,Full HD
HP,Notebook,14.0,8.0,1,Windows,1.63,7220304.0,Full HD
Asus,Notebook,14.0,4.0,64,Windows,1.65,2471887.0,Full HD
Dell,Notebook,17.3,14.0,256,Windows,2.8,12413232.0,Full HD
HP,Notebook,17.3,8.0,256,Windows,2.5,8251776.0,Full HD
Dell,Notebook,15.6,8.0,1,Windows,2.36,5681899.0,Full HD
Dell,Notebook,15.6,4.0,1,Windows,2.2,3992508.0,Full HD
Acer,Ultrabook,14.0,8.0,256,Windows,1.6,7860528.0,IPS Panel Full HD
Acer,Notebook,15.6,4.0,256,Windows,2.2,5086224.0,Full HD
HP,Notebook,15.6,8.0,1,Windows,2.05,5317416.0,Full HD
HP,Notebook,14.0,8.0,256,Windows,1.63,8785296.0,Full HD
Lenovo,Notebook,15.6,4.0,1,MacOS,1.9,2243985.0,Full HD
Asus,Gaming,17.3,8.0,128,Windows,3.0,8340696.0,Full HD
Lenovo,Notebook,15.6,4.0,1,MacOS,2.2,4437108.0,Full HD
HP,Notebook,13.3,4.0,256,Windows,1.32,6215508.0,IPS Panel Full HD
Acer,Notebook,17.3,4.0,1,Windows,3.0,5824260.0,IPS Panel Full HD
Lenovo,Notebook,14.0,8.0,256,Windows,1.75,9923650.0,IPS Panel Full HD
Lenovo,Gaming,15.6,8.0,256,MacOS,2.4,7727148.0,IPS Panel Full HD
Toshiba,Notebook,15.6,4.0,500,Windows,2.1,5352984.0,IPS Panel Full HD
HP,Notebook,15.6,4.0,256,Windows,1.86,3281148.0,IPS Panel Full HD
Asus,Ultrabook,14.0,8.0,256,Windows,1.25,9772308.0,Full HD
HP,Ultrabook,12.5,8.0,512,Windows,0.97,17908488.0,Other Screen Name
Asus,Notebook,15.6,4.0,1,Windows,2.0,3058848.0,Full HD
MSI,Gaming,17.3,14.0,256,Windows,2.9,18041868.0,Full HD
Acer,Notebook,15.6,4.0,1,Windows,2.1,3974724.0,IPS Panel Full HD
Dell,Gaming,15.6,14.0,512,Windows,2.56,11108420.0,Full HD
Dell,Gaming,15.6,8.0,1,Windows,2.62,7993908.0,Full HD
Lenovo,Notebook,15.6,4.0,128,Windows,1.9,4428216.0,IPS Panel Full HD
MSI,Gaming,17.3,14.0,256,Windows,2.8,16805880.0,Full HD
HP,Ultrabook,14.0,4.0,256,Windows,1.48,9621144.0,Full HD
HP,Notebook,15.6,6.0,256,Windows,1.91,5504148.0,Full HD
Lenovo,2 in 1 Convertible,14.0,4.0,256,Windows,1.74,5593068.0,IPS Panel Full HD / Touchscreen
Asus,2 in 1 Convertible,13.3,8.0,256,Windows,1.1,11692980.0,Full HD / Touchscreen
Dell,2 in 1 Convertible,15.6,8.0,256,Windows,1.56,9327708.0,Full HD / Touchscreen
Toshiba,Notebook,15.6,4.0,500,Windows,2.1,3974724.0,Full HD / Touchscreen
Asus,Notebook,15.6,4.0,1,Windows,2.03,3583476.0,Full HD / Touchscreen
Acer,Notebook,17.3,4.0,256,Windows,3.0,7158060.0,IPS Panel Full HD
Dell,Notebook,15.6,8.0,256,Windows,2.13,6473376.0,Full HD
Lenovo,Gaming,15.6,14.0,256,Windows,2.5,9594468.0,IPS Panel Full HD
Acer,Notebook,15.6,4.0,1,Windows,2.1,3094416.0,IPS Panel Full HD
MSI,Gaming,15.6,14.0,256,Windows,2.4,15996708.0,IPS Panel Full HD
Acer,Notebook,15.6,4.0,1,Windows,2.1,3232331.0,IPS Panel Full HD
Dell,Gaming,15.6,8.0,128,Windows,2.56,9429877.0,Full HD
Acer,Notebook,17.3,8.0,256,Windows,3.0,7593768.0,IPS Panel Full HD
HP,Notebook,13.3,4.0,500,Windows,1.49,6704568.0,IPS Panel Full HD
Other Manufacturer,Ultrabook,13.0,8.0,256,Windows,1.05,11995308.0,IPS Panel Full HD
HP,Notebook,17.3,6.0,2,Windows,2.71,6215508.0,IPS Panel Full HD
Lenovo,Notebook,15.6,4.0,500,MacOS,2.2,2747628.0,IPS Panel Full HD
Toshiba,Notebook,15.6,4.0,500,Windows,2.0,4348188.0,Full HD
HP,Notebook,17.3,8.0,256,Windows,2.5,8207316.0,Full HD
Dell,Notebook,15.6,8.0,1,Windows,2.3,4081428.0,Full HD
Acer,Notebook,15.6,4.0,128,Windows,2.1,3992508.0,IPS Panel Full HD
MSI,Gaming,18.0,14.0,512,Windows,3.5250000000000004,24888708.0,Full HD
Lenovo,Notebook,15.6,8.0,128,Windows,1.9,7229196.0,Full HD
HP,2 in 1 Convertible,13.3,8.0,256,Windows,1.29,13329108.0,Other Screen Name
Dell,Notebook,15.6,14.0,256,Linux,2.02,9327708.0,Full HD
Dell,Ultrabook,13.3,8.0,256,Windows,1.23,12439908.0,Full HD
Lenovo,2 in 1 Convertible,13.9,14.0,512,Windows,1.4,16441308.0,Other Screen Name
Toshiba,Notebook,15.6,8.0,128,Windows,2.0,7051356.0,IPS Panel Full HD
Other Manufacturer,Notebook,15.6,8.0,256,MacOS,1.95,10661508.0,IPS Panel Full HD
Dell,Notebook,17.3,14.0,512,Windows,2.77,13773708.0,Full HD / Touchscreen
Dell,Notebook,15.6,14.0,512,Windows,2.06,21314124.0,Other Screen Name
Lenovo,Gaming,15.6,8.0,256,MacOS,2.4,6926868.0,IPS Panel Full HD
Acer,Ultrabook,13.3,8.0,256,Windows,1.12,8794188.0,IPS Panel Full HD
Dell,Notebook,17.3,8.0,128,Windows,2.8,9647820.0,Full HD
Lenovo,2 in 1 Convertible,14.0,14.0,1,Windows,1.42,24958343.625,Touchscreen
Other Manufacturer,Notebook,14.0,4.0,32,Windows,1.3,2311920.0,IPS Panel Full HD
Other Manufacturer,Ultrabook,13.3,8.0,256,MacOS,1.3,8891111.0,IPS Panel Full HD
Lenovo,Notebook,17.3,8.0,256,MacOS,2.8,6206616.0,Touchscreen
Dell,2 in 1 Convertible,13.3,8.0,1,Windows,1.62,7460388.0,IPS Panel Full HD / Touchscreen
HP,Notebook,17.3,8.0,1,Windows,2.5,8127288.0,IPS Panel Full HD
Other Manufacturer,Gaming,17.3,14.0,1,Windows,3.49,24958343.625,Other Screen Name
HP,Notebook,13.3,8.0,512,Windows,1.49,8527428.0,Full HD
HP,Gaming,17.3,14.0,256,Windows,3.35,12262068.0,IPS Panel Full HD
HP,Notebook,17.3,8.0,256,Windows,2.5,9292140.0,Full HD
Dell,Gaming,15.6,14.0,512,Windows,2.65,16405740.0,Other Screen Name
Lenovo,Notebook,15.6,4.0,128,Windows,2.1,4383756.0,Touchscreen
Acer,Notebook,15.6,8.0,1,Windows,2.23,6597864.0,Full HD
Lenovo,Gaming,15.6,14.0,512,Windows,3.2,15552108.0,IPS Panel Full HD
Dell,Workstation,15.6,14.0,256,Windows,2.8,24958343.625,Other Screen Name
Lenovo,Gaming,15.6,14.0,512,MacOS,2.4,12431016.0,Full HD
Dell,Notebook,15.6,6.0,1,Windows,2.3,3903588.0,Touchscreen
Dell,Ultrabook,13.3,8.0,256,Windows,1.21,17330508.0,Other Screen Name
Dell,Ultrabook,13.3,8.0,256,Windows,1.2,12884508.0,Full HD
Lenovo,Notebook,15.6,8.0,256,Windows,2.2,5308524.0,Full HD
Acer,Notebook,15.6,8.0,1,Linux,2.4,6926868.0,Full HD
Asus,Gaming,17.3,14.0,256,Windows,2.9,12511044.0,Full HD
HP,Notebook,15.6,4.0,500,MacOS,2.1,3103308.0,Full HD
Lenovo,Notebook,15.6,8.0,256,MacOS,2.2,4881708.0,Full HD
Other Manufacturer,Ultrabook,13.0,8.0,512,Windows,1.05,13329108.0,IPS Panel Full HD
Dell,Ultrabook,13.3,8.0,256,Windows,1.4,8286277.0,IPS Panel Full HD
Lenovo,Notebook,17.3,8.0,1,MacOS,2.8,5237388.0,Full HD
HP,Notebook,14.0,8.0,256,Windows,1.63,9167652.0,Full HD
Dell,Ultrabook,14.0,8.0,256,Windows,1.6,10216908.0,Full HD
Dell,2 in 1 Convertible,13.3,14.0,512,Windows,1.62,11372868.0,Full HD / Touchscreen
Dell,Notebook,15.6,8.0,256,Linux,2.2,6022996.0,Full HD
Lenovo,2 in 1 Convertible,14.0,8.0,256,Windows,1.74,7993908.0,IPS Panel Full HD
Toshiba,Ultrabook,13.3,8.0,256,Windows,1.2,12119796.0,Full HD
HP,Notebook,15.6,8.0,1,Windows,2.1,7060248.0,Full HD
Dell,Gaming,17.3,14.0,256,Windows,3.5250000000000004,21841775.0,IPS Panel Full HD
Acer,Notebook,15.6,8.0,256,Windows,2.2,7398144.0,Full HD
Dell,Notebook,15.6,14.0,1,Windows,2.3,7638317.0,Full HD / Touchscreen
Asus,Notebook,15.6,8.0,256,Windows,2.0,6837948.0,Full HD
Asus,Notebook,17.3,8.0,256,Windows,2.69,7922772.0,Full HD
HP,Notebook,15.6,8.0,1,Windows,1.9,11283948.0,Full HD
Asus,Notebook,15.6,4.0,1,Windows,2.37,3547819.0,Full HD
HP,Notebook,15.6,4.0,500,Windows,2.1,2934360.0,Full HD
Lenovo,Gaming,15.6,14.0,256,Windows,3.2,13329108.0,IPS Panel Full HD
Dell,Notebook,14.0,8.0,256,Windows,1.6,7638228.0,Full HD
Acer,2 in 1 Convertible,13.3,8.0,256,Windows,1.6,6126588.0,IPS Panel Full HD / Touchscreen
Dell,Notebook,15.6,14.0,256,Linux,2.36,7993908.0,Full HD
Acer,Notebook,15.6,4.0,1,Linux,2.1,3467880.0,IPS Panel Full HD / Touchscreen
Asus,Notebook,15.6,4.0,128,Windows,2.2,5112900.0,Full HD
Asus,Gaming,17.3,14.0,512,Windows,3.5250000000000004,24958343.625,Full HD
Acer,Gaming,15.6,8.0,256,Windows,2.5,7522632.0,IPS Panel Full HD
Lenovo,Notebook,15.6,8.0,128,Windows,2.2,5237388.0,IPS Panel Full HD
Asus,Notebook,17.3,8.0,128,Windows,2.1,10181340.0,Full HD
Asus,Notebook,17.3,8.0,128,MacOS,2.69,7904988.0,Full HD
Dell,Gaming,15.6,8.0,256,Windows,2.56,7816068.0,Full HD
Lenovo,2 in 1 Convertible,13.9,8.0,256,Windows,1.38,9594468.0,IPS Panel Full HD / Touchscreen
Dell,Notebook,15.6,8.0,128,Windows,2.2,8758620.0,Full HD
HP,Notebook,15.6,8.0,1,Windows,2.04,4970628.0,Touchscreen
Asus,Gaming,17.3,14.0,256,Windows,3.5250000000000004,24958343.625,Full HD
HP,Notebook,13.3,4.0,500,Windows,1.49,6002100.0,IPS Panel Full HD
Other Manufacturer,Ultrabook,13.3,8.0,512,MacOS,1.37,18139680.0,IPS Panel Retina Display
Dell,2 in 1 Convertible,15.6,8.0,1,Windows,2.08,7282548.0,IPS Panel Full HD / Touchscreen
Asus,Gaming,17.3,14.0,256,Windows,3.5250000000000004,15996708.0,Full HD
Asus,Notebook,15.6,4.0,1,Windows,1.68,4170348.0,Full HD
Lenovo,2 in 1 Convertible,13.9,8.0,512,Windows,1.37,16441308.0,IPS Panel Full HD / Touchscreen
Acer,Notebook,17.3,4.0,256,Windows,3.0,6242184.0,IPS Panel Full HD
Dell,Ultrabook,13.3,8.0,256,Windows,1.41,8438508.0,Full HD
HP,Notebook,15.6,8.0,128,Windows,1.91,3964943.0,IPS Panel Full HD
HP,Notebook,17.3,14.0,1,Windows,2.9,9416628.0,IPS Panel Full HD
MSI,Gaming,17.3,14.0,512,Windows,3.5250000000000004,22221108.0,Full HD
Lenovo,2 in 1 Convertible,15.6,8.0,512,Windows,2.0,15107508.0,IPS Panel Full HD / Touchscreen
Dell,Notebook,17.3,8.0,128,Windows,2.8,10154664.0,Full HD
Lenovo,Notebook,15.6,4.0,256,MacOS,2.2,3948048.0,Full HD
HP,Notebook,15.6,4.0,500,Windows,2.1,6420024.0,IPS Panel Full HD
Dell,Notebook,15.6,4.0,1,Windows,2.18,5842044.0,Full HD
Dell,Notebook,15.6,8.0,1,Windows,2.24,5023980.0,Full HD
Dell,2 in 1 Convertible,15.6,8.0,256,Windows,2.67,7104708.0,Full HD / Touchscreen
Asus,2 in 1 Convertible,13.3,8.0,512,Windows,1.1,13329108.0,Full HD / Touchscreen
Lenovo,Notebook,15.6,4.0,1,MacOS,2.2,4152564.0,Full HD
HP,Notebook,17.3,8.0,1,Windows,2.5,9052056.0,Full HD
Lenovo,Notebook,15.6,8.0,256,Windows,2.05,7824960.0,Full HD
Other Manufacturer,Ultrabook,13.3,8.0,512,MacOS,1.37,17418539.0,IPS Panel Retina Display
Asus,Gaming,17.3,14.0,256,Windows,3.2,13773708.0,Full HD
Dell,Notebook,15.6,8.0,256,Linux,2.14,6536242.0,Full HD
Lenovo,2 in 1 Convertible,14.0,14.0,512,Windows,1.36,22221108.0,Touchscreen
Toshiba,Notebook,15.6,8.0,500,Windows,2.2,7220304.0,Full HD
Dell,Notebook,15.6,12.0,1,Windows,2.3,6340618.0,Full HD
Dell,Notebook,17.3,8.0,128,Linux,2.8,9772308.0,Full HD
Acer,Notebook,15.6,8.0,1,Windows,2.2,6624540.0,IPS Panel Full HD
Lenovo,Notebook,17.3,4.0,1,Windows,2.8,4348188.0,Touchscreen
Lenovo,Notebook,17.3,8.0,2,MacOS,2.8,7549308.0,Full HD
Lenovo,Notebook,17.3,6.0,128,Windows,2.8,7638228.0,Full HD
Dell,Notebook,15.6,4.0,1,Linux,2.25,3805776.0,Full HD
Lenovo,Gaming,15.6,8.0,256,Windows,2.5,7371468.0,IPS Panel Full HD
Lenovo,Notebook,15.6,6.0,256,Windows,2.2,5148468.0,Full HD
Acer,Notebook,15.6,8.0,256,Windows,3.0,8456292.0,IPS Panel Full HD
Acer,Notebook,15.6,12.0,1,Windows,2.15,5859828.0,IPS Panel Full HD / Touchscreen
Lenovo,Notebook,15.6,8.0,256,Windows,1.95,9754524.0,IPS Panel Full HD
Asus,Ultrabook,15.6,8.0,256,Windows,1.7,8687484.0,Full HD
Lenovo,Gaming,15.6,14.0,256,Windows,2.5,10483668.0,IPS Panel Full HD
Lenovo,Notebook,15.6,8.0,1,MacOS,2.2,5859917.0,Full HD
Acer,Notebook,15.6,2.0,16,MacOS,2.19,1769508.0,IPS Panel Full HD / Touchscreen
Asus,Gaming,17.3,8.0,1,Windows,3.0,10554804.0,Full HD
HP,Notebook,17.3,8.0,1,Windows,2.54,4348188.0,Full HD
Dell,Notebook,15.6,8.0,256,Windows,2.0,16263468.0,Full HD
Lenovo,Notebook,15.6,8.0,256,Windows,2.05,6571188.0,Full HD
Lenovo,Gaming,15.6,8.0,1,Windows,3.2,11550708.0,IPS Panel Full HD
Acer,Notebook,15.6,8.0,256,Linux,2.5,8705268.0,Full HD
Dell,Workstation,17.3,14.0,256,Windows,3.42,24958343.625,Full HD
Lenovo,Notebook,15.6,6.0,1,Windows,2.4,4437108.0,Full HD
Asus,Ultrabook,15.6,14.0,512,Windows,1.63,13053456.0,Full HD
Asus,Notebook,14.0,4.0,128,Windows,1.3,4526028.0,Full HD
Asus,Gaming,17.3,14.0,256,Windows,2.9,18868824.0,Full HD
Lenovo,Notebook,17.3,6.0,1,Windows,2.8,5770908.0,Full HD
Lenovo,Notebook,15.6,8.0,2,MacOS,2.2,4881708.0,Full HD
Asus,Gaming,15.6,8.0,128,Windows,2.5,11248380.0,Full HD
Lenovo,Notebook,15.6,4.0,1,MacOS,2.2,3201031.0,Full HD
HP,2 in 1 Convertible,13.3,14.0,256,Windows,1.28,17561700.0,Full HD / Touchscreen
Toshiba,Notebook,15.6,8.0,256,Windows,2.2,9274356.0,IPS Panel Full HD
Lenovo,Notebook,15.6,8.0,128,Windows,2.3,7282548.0,Full HD
HP,Notebook,15.6,4.0,1,Windows,1.86,4170348.0,Full HD
Lenovo,Notebook,13.3,8.0,256,Windows,1.1,8883108.0,IPS Panel Full HD
Dell,Ultrabook,13.3,14.0,1,Windows,1.21,22221108.0,Other Screen Name
MSI,Gaming,15.6,14.0,256,Windows,2.8,18664308.0,IPS Panel Full HD
Acer,Notebook,15.6,8.0,256,Windows,2.23,4170348.0,Full HD
Asus,2 in 1 Convertible,11.600000000000001,2.0,32,Windows,1.1,2445300.0,Touchscreen
Dell,Notebook,15.6,8.0,128,Windows,2.33,7504848.0,Full HD
HP,2 in 1 Convertible,13.3,14.0,1,Windows,1.29,21776508.0,Other Screen Name
Lenovo,Notebook,13.3,4.0,16,MacOS,1.45,4089431.0,IPS Panel Full HD
HP,Notebook,14.0,8.0,256,Windows,1.95,8714160.0,Full HD
Acer,Notebook,11.600000000000001,4.0,128,Windows,1.4,4312620.0,Full HD
HP,Notebook,14.0,8.0,256,Windows,1.48,11488464.0,Full HD
Lenovo,Notebook,17.3,4.0,1,Windows,2.79,5237388.0,IPS Panel Full HD
Asus,Notebook,14.0,8.0,256,Windows,2.0,9727848.0,Full HD
HP,Notebook,15.6,8.0,1,Windows,2.1,8020584.0,IPS Panel Full HD
Acer,Notebook,15.6,8.0,256,Windows,2.2,5859828.0,Full HD
Lenovo,Notebook,14.0,4.0,32,Windows,1.44,2596464.0,IPS Panel Full HD
Acer,Notebook,15.6,6.0,1,Windows,2.23,4881708.0,Full HD
Asus,Ultrabook,15.6,8.0,256,Windows,1.7,9335711.0,Full HD
HP,Ultrabook,12.5,8.0,256,Windows,1.26,11870820.0,Full HD
Dell,Notebook,15.6,14.0,1,Windows,2.06,23465988.0,Other Screen Name
MSI,Gaming,17.3,8.0,256,Windows,2.7,10661508.0,Full HD
Toshiba,Notebook,15.6,8.0,256,Windows,2.0,8385156.0,IPS Panel Full HD
Asus,Notebook,14.0,8.0,256,Windows,2.0,11861928.0,Full HD
Lenovo,Notebook,15.6,4.0,1,Windows,1.85,3992508.0,Full HD
Asus,Gaming,15.6,8.0,256,Windows,2.5,8883108.0,Full HD
HP,Notebook,14.0,8.0,256,Windows,1.48,11275056.0,Full HD
Dell,Ultrabook,15.6,8.0,128,Windows,1.9,9327708.0,IPS Panel Full HD
HP,Notebook,15.6,8.0,256,Windows,1.84,10172448.0,Full HD
Asus,Notebook,15.6,4.0,1,Linux,2.0,2445211.0,Full HD
Dell,Notebook,15.6,8.0,256,Windows,2.0,10161333.0,Full HD
Dell,Notebook,15.6,4.0,500,Linux,2.2,2444411.0,Full HD
Lenovo,Notebook,15.6,12.0,2,Windows,2.2,7993908.0,Full HD
HP,Notebook,15.6,8.0,1,Windows,2.1,6366672.0,IPS Panel Full HD
Lenovo,2 in 1 Convertible,13.9,14.0,512,Windows,1.4,18664308.0,Other Screen Name
Dell,Ultrabook,13.3,8.0,256,Windows,1.2,14040468.0,Full HD
Lenovo,Gaming,15.6,14.0,256,Windows,2.4,10039068.0,IPS Panel Full HD
HP,Notebook,14.0,2.0,32,Windows,1.44,2480868.0,IPS Panel Full HD
Dell,Ultrabook,15.6,14.0,512,Windows,1.88,14297980.0,Full HD
Asus,2 in 1 Convertible,11.600000000000001,4.0,32,Windows,1.5,3334500.0,Touchscreen
Dell,Ultrabook,15.6,8.0,1,Windows,1.9,5895396.0,Full HD
Dell,Notebook,15.6,14.0,512,Windows,2.06,18027819.0,Other Screen Name
HP,Notebook,15.6,8.0,256,Windows,1.84,11595168.0,Full HD
MSI,Gaming,17.3,8.0,128,Windows,2.7,12528828.0,Full HD
HP,Workstation,15.6,8.0,256,Windows,2.6,15456697.0,Full HD
Toshiba,Notebook,15.6,14.0,512,Windows,2.4,12475476.0,IPS Panel Full HD
Dell,Notebook,15.6,8.0,128,Windows,2.02,8633243.0,Full HD
Lenovo,Notebook,15.6,4.0,1,MacOS,2.2,2863135.0,IPS Panel Full HD
Dell,Gaming,15.6,8.0,1,Windows,2.65,8883108.0,Full HD
Dell,Notebook,15.6,8.0,2,Windows,2.36,4956134.0,Touchscreen
Dell,Notebook,14.0,8.0,256,Windows,1.36,12688884.0,Full HD
HP,Notebook,15.6,4.0,500,Windows,1.86,3903588.0,Full HD
Asus,Notebook,14.0,8.0,256,Windows,2.0,8402940.0,Full HD
Lenovo,Notebook,17.3,6.0,128,Windows,2.8,6393348.0,IPS Panel Full HD
HP,Notebook,15.6,8.0,1,Windows,1.86,5681988.0,Full HD
Lenovo,Notebook,15.6,8.0,256,MacOS,2.2,4437108.0,IPS Panel Full HD
HP,Notebook,15.6,8.0,2,Windows,2.04,3458988.0,Full HD
Dell,Notebook,17.3,8.0,128,Windows,2.8,9647820.0,Full HD
Lenovo,Gaming,15.6,8.0,128,MacOS,2.4,7193628.0,IPS Panel Full HD
Dell,Notebook,15.6,8.0,256,Windows,2.33,7993908.0,Full HD
HP,Ultrabook,14.0,8.0,256,Windows,1.36,15561000.0,IPS Panel Full HD
Asus,2 in 1 Convertible,15.6,12.0,512,Windows,2.26,9772308.0,Full HD / Touchscreen
Acer,Notebook,15.6,4.0,128,Windows,2.1,3787992.0,Full HD
Asus,Gaming,17.3,14.0,256,Windows,3.25,19553508.0,IPS Panel Full HD
Lenovo,Notebook,17.3,4.0,128,Windows,2.6,4348188.0,IPS Panel Full HD
Dell,2 in 1 Convertible,13.3,8.0,256,Windows,1.62,7727237.0,Full HD / Touchscreen
HP,Notebook,15.6,4.0,256,Windows,1.91,4348099.0,Full HD
Lenovo,Netbook,11.600000000000001,4.0,128,Windows,1.59,4917276.0,Other Screen Name
Dell,Notebook,15.6,4.0,500,Windows,1.8,2747628.0,Full HD / Touchscreen
Asus,Notebook,14.0,4.0,32,Windows,1.5,2543112.0,IPS Panel Full HD
Acer,Notebook,15.6,8.0,1,Linux,2.4,7522632.0,Full HD
HP,Gaming,17.3,8.0,128,Windows,3.35,10590372.0,IPS Panel Full HD
Lenovo,Notebook,15.6,4.0,128,MacOS,1.85,3587922.0,Full HD
Asus,Gaming,15.6,8.0,128,Windows,2.3,14716260.0,IPS Panel Full HD
Lenovo,Notebook,14.0,8.0,256,Windows,1.5,9772308.0,IPS Panel Full HD
Asus,Ultrabook,13.3,14.0,512,Windows,1.1,15551219.0,Full HD / Touchscreen
Lenovo,Ultrabook,14.0,8.0,512,Windows,1.13,20291544.0,Other Screen Name
Lenovo,Notebook,13.3,4.0,128,Windows,1.5,4881708.0,IPS Panel Full HD
Dell,Workstation,15.6,8.0,500,Windows,2.23,12173148.0,Full HD
Dell,Workstation,15.6,8.0,256,Windows,2.0,18984420.0,IPS Panel Full HD
Lenovo,2 in 1 Convertible,14.0,14.0,512,Windows,1.42,22310028.0,Touchscreen
Asus,Gaming,17.3,8.0,1,Windows,3.0,9238788.0,Full HD
Asus,Gaming,17.3,14.0,256,Windows,3.0,14147172.0,Full HD
Acer,Notebook,15.6,12.0,1,Windows,2.2,6170959.0,Other Screen Name
MSI,Gaming,17.3,8.0,256,Windows,2.7,11995308.0,Full HD
Dell,Notebook,15.6,8.0,256,Linux,2.33,6925712.0,Full HD
HP,Ultrabook,15.6,4.0,256,Windows,1.91,4437108.0,Full HD
Lenovo,Notebook,15.6,8.0,256,Windows,2.1,10933248.0,IPS Panel Full HD
Lenovo,Notebook,14.0,8.0,256,Windows,1.9,8340696.0,IPS Panel Full HD
Dell,Workstation,15.6,8.0,256,Windows,1.78,24115104.0,Other Screen Name
Lenovo,Ultrabook,14.0,14.0,1,Windows,1.13,23341500.0,Other Screen Name
Lenovo,Notebook,15.6,4.0,1,Windows,2.2,2720952.0,Other Screen Name
Asus,Gaming,17.3,14.0,256,Windows,2.9,13595868.0,Full HD
Lenovo,Notebook,15.6,8.0,256,Windows,2.1,10176894.0,IPS Panel Full HD
Acer,Notebook,15.6,8.0,256,Linux,2.5,7816068.0,Full HD
MSI,Gaming,17.3,14.0,256,Windows,2.8,19998108.0,Full HD
Asus,Ultrabook,14.0,8.0,512,Windows,1.1,16654716.0,Full HD
Toshiba,Ultrabook,13.3,14.0,512,Windows,1.2,15534324.0,Full HD
Dell,Ultrabook,14.0,8.0,512,Windows,1.36,14938560.0,Full HD
Lenovo,Notebook,15.6,4.0,500,Windows,2.2,3636828.0,Full HD
Lenovo,Notebook,11.600000000000001,2.0,32,Windows,1.15,2707169.0,Full HD
Lenovo,Workstation,15.6,8.0,512,Windows,2.67,17117100.0,Full HD
Lenovo,Ultrabook,14.0,8.0,512,Windows,1.7,17277156.0,IPS Panel Full HD
HP,Notebook,15.6,4.0,1,Windows,2.1,4170348.0,Full HD
Acer,2 in 1 Convertible,13.3,8.0,256,Windows,1.6,7015877.0,IPS Panel Full HD / Touchscreen
Asus,2 in 1 Convertible,13.3,8.0,256,Windows,1.27,8251776.0,IPS Panel Full HD / Touchscreen
Dell,Notebook,15.6,4.0,256,Linux,2.3,5325419.0,Full HD
Dell,Notebook,13.3,4.0,128,Windows,1.65,6126588.0,Full HD
HP,Ultrabook,14.0,8.0,256,Windows,1.43,13338000.0,Full HD
Dell,Notebook,15.6,8.0,1,Windows,2.14,4801235.0,Full HD
Lenovo,Ultrabook,14.0,8.0,256,Windows,1.75,10807159.0,IPS Panel Full HD
Lenovo,2 in 1 Convertible,15.6,14.0,512,Windows,2.0,16885908.0,Other Screen Name
Other Manufacturer,Notebook,12.3,6.0,64,Windows,1.4,3992508.0,IPS Panel Retina Display
HP,Notebook,15.6,8.0,256,Windows,2.31,12688884.0,Full HD
Asus,Notebook,15.6,8.0,1,Linux,2.3,5308524.0,Full HD
Dell,Gaming,17.3,14.0,256,Windows,3.5250000000000004,24888708.0,Other Screen Name
Dell,Gaming,15.6,8.0,128,Windows,2.62,10305828.0,IPS Panel Full HD
Dell,Notebook,15.6,8.0,256,Windows,2.02,10158221.0,Full HD
Dell,Ultrabook,14.0,8.0,256,Linux,1.6,9772308.0,Full HD
HP,Gaming,17.3,12.0,256,Windows,3.35,17775108.0,Full HD
Other Manufacturer,2 in 1 Convertible,11.600000000000001,4.0,32,Windows,1.16,2658708.0,IPS Panel Full HD / Touchscreen
Other Manufacturer,Netbook,11.600000000000001,4.0,16,MacOS,1.15,2391948.0,IPS Panel Full HD
Lenovo,Notebook,13.3,8.0,256,Windows,1.4,8980920.0,IPS Panel Full HD
Lenovo,Notebook,14.0,4.0,128,Windows,1.7,5326308.0,IPS Panel Full HD
Lenovo,Workstation,15.6,14.0,512,Windows,2.3,21740940.0,Other Screen Name
Lenovo,Notebook,15.6,14.0,512,Windows,2.5,21776508.0,Full HD
Asus,Gaming,17.3,8.0,256,Windows,3.2,15071940.0,Full HD
HP,Notebook,15.6,4.0,500,Windows,2.1,3085524.0,Full HD
Other Manufacturer,Ultrabook,12.3,14.0,512,MacOS,1.1,19553508.0,Touchscreen
Lenovo,Ultrabook,14.0,14.0,512,Windows,1.32,21180744.0,Full HD
Asus,Notebook,15.6,4.0,256,Linux,2.0,4970628.0,Full HD
Lenovo,Notebook,17.3,8.0,1,Windows,2.8,4614948.0,Full HD
Dell,Notebook,15.6,4.0,256,Windows,2.2,6660108.0,Full HD
Lenovo,Ultrabook,12.5,8.0,256,Windows,1.36,12706668.0,IPS Panel Full HD
Lenovo,Notebook,15.6,4.0,128,Windows,2.2,3103308.0,Full HD
HP,Gaming,15.6,8.0,128,Windows,2.2,9772308.0,IPS Panel Full HD
Dell,Notebook,14.0,8.0,256,Windows,1.64,10483668.0,Full HD
Acer,Notebook,15.6,4.0,500,Linux,2.4,3928486.0,IPS Panel Full HD / Touchscreen
Dell,Workstation,15.6,8.0,64,Windows,2.23,17721756.0,Full HD
MSI,Gaming,15.6,8.0,256,Windows,2.2,9138664.0,Full HD
Other Manufacturer,Ultrabook,13.5,14.0,512,Windows,1.25,23021388.0,Touchscreen
HP,Notebook,15.6,8.0,128,Windows,1.91,5237388.0,IPS Panel Full HD
Dell,Workstation,15.6,14.0,256,Windows,2.17,17561700.0,IPS Panel Full HD
HP,Workstation,15.6,8.0,512,Windows,2.31,13640328.0,IPS Panel Full HD
Lenovo,Notebook,14.0,8.0,256,Windows,1.65,11959740.0,Full HD
Dell,Notebook,15.6,8.0,128,Windows,2.36,8705268.0,Full HD
Dell,2 in 1 Convertible,11.600000000000001,4.0,500,Windows,1.47,4259268.0,Touchscreen
Dell,Notebook,17.3,8.0,1,Windows,3.5250000000000004,18193032.0,IPS Panel Full HD
Other Manufacturer,Ultrabook,13.5,4.0,128,Windows,1.252,8794188.0,Touchscreen
Other Manufacturer,Ultrabook,13.5,8.0,256,Windows,1.25,15996708.0,Touchscreen
HP,Notebook,17.3,8.0,256,Windows,2.5,5689991.0,IPS Panel Full HD
Acer,Notebook,15.6,4.0,1,Windows,2.23,4837248.0,Full HD
Acer,Netbook,11.600000000000001,4.0,128,Windows,1.4,3868020.0,Full HD
Asus,Notebook,15.6,8.0,1,Windows,2.37,6660108.0,Full HD
Lenovo,Notebook,14.0,8.0,512,MacOS,1.5,7104708.0,IPS Panel Full HD
Lenovo,Notebook,15.6,8.0,256,Windows,2.67,18584280.0,Full HD
Asus,Notebook,15.6,4.0,500,Windows,2.0,2703168.0,Full HD
Acer,Notebook,15.6,4.0,500,Windows,2.2,4170348.0,Full HD
Dell,Notebook,15.6,8.0,2,Windows,2.02,6749028.0,Full HD
HP,Gaming,17.3,12.0,1,Windows,3.5250000000000004,15107508.0,IPS Panel Full HD
Lenovo,Ultrabook,14.0,12.0,256,Windows,1.4,16521336.0,Other Screen Name
HP,2 in 1 Convertible,13.3,8.0,512,Windows,1.29,17775108.0,Other Screen Name
HP,Notebook,15.6,8.0,500,Windows,1.9,10261368.0,Full HD
Other Manufacturer,Ultrabook,12.3,8.0,128,MacOS,1.1,11337300.0,Touchscreen
Dell,Ultrabook,13.3,8.0,256,Windows,1.42,16377730.0,Full HD / Touchscreen
Asus,Notebook,15.6,12.0,128,Windows,2.06,11550708.0,Other Screen Name
Dell,Notebook,14.0,8.0,128,Windows,1.79,6580080.0,Full HD / Touchscreen
Dell,Workstation,15.6,8.0,256,Windows,1.78,21411936.0,Full HD
Lenovo,Notebook,14.0,8.0,1,Windows,1.7,12128688.0,Full HD
Dell,Notebook,15.6,8.0,1,Windows,2.2,6002100.0,Full HD
Toshiba,Notebook,13.3,8.0,256,Windows,1.05,14867424.0,IPS Panel Full HD
Dell,Notebook,15.6,8.0,512,Windows,2.16,11221704.0,IPS Panel Full HD
Dell,Notebook,15.6,4.0,1,Windows,2.18,5216047.0,IPS Panel Full HD
HP,Notebook,13.3,4.0,128,Windows,1.49,6455592.0,IPS Panel Full HD
Other Manufacturer,Notebook,15.6,4.0,64,Windows,1.89,2213219.0,Full HD
Lenovo,Notebook,15.6,4.0,128,Windows,2.3,5023980.0,Full HD
Lenovo,Notebook,14.0,8.0,256,Windows,1.75,9327708.0,IPS Panel Full HD
Dell,Workstation,15.6,14.0,512,Windows,2.17,20789496.0,IPS Panel Full HD
Dell,Notebook,15.6,14.0,512,Windows,2.06,16885908.0,Full HD
Lenovo,Ultrabook,12.5,14.0,512,Windows,1.36,15987816.0,IPS Panel Full HD
Asus,Ultrabook,12.5,14.0,512,Windows,0.91,17339400.0,Full HD
Lenovo,Notebook,15.6,8.0,256,Windows,2.3,8998615.0,IPS Panel Full HD
Toshiba,Ultrabook,13.3,14.0,512,Windows,1.05,24888708.0,Full HD / Touchscreen
Asus,Gaming,15.6,8.0,128,Windows,1.99,12004200.0,Full HD
Acer,Notebook,15.6,8.0,1,Windows,2.2,5148468.0,Full HD
Asus,Gaming,17.3,14.0,256,Windows,3.5250000000000004,11283948.0,IPS Panel Full HD / Touchscreen
Lenovo,Ultrabook,12.5,8.0,1,Windows,1.3,9772308.0,Other Screen Name
Lenovo,Notebook,15.6,8.0,256,Windows,2.17,7993019.0,Full HD
HP,Notebook,14.0,8.0,1,Windows,1.48,15552108.0,Full HD
Lenovo,Notebook,13.3,8.0,256,Windows,1.4,8438508.0,IPS Panel Full HD
Lenovo,Notebook,15.6,8.0,256,Windows,2.3,8100612.0,IPS Panel Full HD
Asus,Netbook,11.600000000000001,4.0,64,Windows,1.2,3023280.0,IPS Panel Full HD / Touchscreen
HP,Notebook,15.6,8.0,256,Windows,1.91,5504059.0,Full HD
Lenovo,2 in 1 Convertible,13.9,8.0,256,Windows,1.4,14218308.0,IPS Panel Full HD / Touchscreen
Lenovo,Notebook,14.0,4.0,500,Windows,2.1,2658708.0,IPS Panel Full HD / Touchscreen
Lenovo,Netbook,11.600000000000001,4.0,16,MacOS,1.25,2356380.0,IPS Panel Full HD / Touchscreen
Lenovo,Notebook,13.3,8.0,256,Windows,1.44,8438508.0,Full HD
Asus,Notebook,15.6,8.0,256,Windows,2.0,10883808.0,Full HD
Acer,Notebook,15.6,4.0,1,Windows,2.2,5450796.0,IPS Panel Full HD
HP,Ultrabook,13.3,8.0,512,Windows,1.34,11764116.0,IPS Panel Full HD
Lenovo,Gaming,15.6,8.0,256,MacOS,2.4,10216908.0,IPS Panel Full HD
Dell,Ultrabook,13.3,8.0,128,Windows,1.29,7993908.0,IPS Panel Full HD / Touchscreen
Acer,Notebook,15.6,4.0,500,Windows,2.2,5681988.0,Full HD
Dell,Notebook,15.6,8.0,1,Windows,2.18,7433712.0,Full HD
Dell,Notebook,15.6,14.0,256,Windows,2.2,10841482.0,Full HD
Other Manufacturer,Notebook,15.6,14.0,256,MacOS,1.95,12448355.0,IPS Panel Full HD
Asus,Netbook,11.600000000000001,2.0,32,Windows,1.1,2178540.0,Full HD
HP,Notebook,15.6,4.0,1,Windows,2.04,4636911.0,Touchscreen
Asus,Gaming,15.6,14.0,512,Windows,2.24,24958343.625,Full HD
HP,Notebook,15.6,8.0,256,Windows,2.04,7904988.0,Full HD
Asus,Gaming,17.3,14.0,256,Windows,3.0,13373568.0,Full HD
Lenovo,Gaming,15.6,8.0,256,Windows,3.2,12439908.0,IPS Panel Full HD
HP,Ultrabook,13.3,8.0,256,Windows,1.32,12439908.0,IPS Panel Full HD
Dell,Notebook,14.0,8.0,256,Windows,1.64,11379359.0,Full HD
HP,Notebook,15.6,4.0,128,Windows,1.63,6126588.0,IPS Panel Full HD
Dell,Notebook,17.3,8.0,128,Linux,2.8,7904988.0,IPS Panel Full HD
Lenovo,Notebook,14.0,8.0,256,Windows,2.02,11915280.0,Full HD
Lenovo,Notebook,15.6,4.0,1,Windows,2.2,7104708.0,Full HD
Lenovo,Notebook,15.6,8.0,2,MacOS,2.2,4081428.0,Full HD
Dell,Notebook,15.6,4.0,500,Windows,2.3,5201820.0,Full HD
Dell,Notebook,15.6,8.0,256,Windows,1.9,12244284.0,Full HD
Dell,Gaming,17.3,14.0,128,Windows,3.5250000000000004,24958343.625,IPS Panel Full HD
Toshiba,Notebook,15.6,8.0,500,Windows,2.0,7647120.0,IPS Panel Full HD
Asus,Notebook,15.6,8.0,256,Windows,2.0,11550708.0,Other Screen Name
Other Manufacturer,Notebook,13.3,4.0,32,Windows,1.2,3281148.0,IPS Panel Full HD
Asus,Gaming,15.6,8.0,128,Windows,2.3,14662908.0,IPS Panel Full HD
Dell,Notebook,15.6,8.0,256,Windows,1.93,12173148.0,Full HD
Dell,Notebook,15.6,8.0,256,Windows,2.2,7090570.0,Full HD
HP,Notebook,15.6,4.0,256,Windows,1.86,3547819.0,Full HD
HP,Gaming,17.3,12.0,1,Windows,2.62,15996708.0,Full HD
Lenovo,Notebook,14.0,8.0,256,Windows,1.87,7638228.0,IPS Panel Full HD
Dell,Ultrabook,13.3,8.0,256,Windows,1.2,12439908.0,Quad HD+ / Touchscreen
Dell,Notebook,14.0,4.0,128,Windows,1.6,6543356.0,Full HD
HP,Ultrabook,13.3,8.0,256,Windows,1.34,10181340.0,Other Screen Name
Acer,Gaming,15.6,8.0,1,Linux,2.4,7095816.0,Full HD
Asus,Notebook,15.6,4.0,500,Windows,2.0,3103308.0,IPS Panel Full HD
HP,Notebook,15.6,4.0,128,Windows,2.1,6273306.0,Full HD
Lenovo,Notebook,14.0,4.0,500,Windows,1.87,6980220.0,Full HD
Lenovo,Notebook,15.6,4.0,1,MacOS,2.15,4111216.0,Full HD
HP,Notebook,15.6,4.0,500,Windows,1.86,3530124.0,Full HD
Lenovo,Notebook,15.6,8.0,512,Windows,1.99,15374268.0,IPS Panel Full HD
Lenovo,Notebook,15.6,4.0,128,Windows,2.2,4437108.0,Full HD
Dell,Notebook,15.6,8.0,256,Windows,1.9,9932275.0,Full HD
Dell,Gaming,17.3,14.0,256,Windows,3.5250000000000004,23999508.0,IPS Panel Full HD
HP,Notebook,17.3,8.0,1,Windows,2.65,4838582.0,Full HD
HP,Notebook,17.3,8.0,1,Windows,2.63,11381760.0,Full HD
Asus,Notebook,15.6,4.0,500,Linux,2.0,1991808.0,IPS Panel Full HD
Other Manufacturer,Notebook,13.3,4.0,32,Windows,1.35,2267460.0,IPS Panel Full HD
Lenovo,Notebook,17.3,6.0,128,Windows,2.8,8438508.0,Full HD
HP,Notebook,15.6,6.0,128,Windows,1.91,5058659.0,IPS Panel Full HD
Dell,Notebook,15.6,4.0,1,Windows,2.18,5494367.0,IPS Panel Full HD
Acer,2 in 1 Convertible,11.600000000000001,4.0,32,Windows,1.25,3103308.0,IPS Panel Full HD / Touchscreen
Lenovo,Notebook,15.6,4.0,128,Windows,2.05,5601960.0,Full HD
HP,Ultrabook,13.3,14.0,512,Windows,1.16,17472780.0,Other Screen Name
Lenovo,Notebook,17.3,8.0,256,Windows,3.4,24958343.625,IPS Panel Full HD
Asus,Notebook,15.6,8.0,128,Windows,2.5,7460388.0,Full HD
Dell,Ultrabook,13.3,8.0,128,Windows,1.21,14218308.0,Other Screen Name
Dell,Notebook,15.6,4.0,500,Windows,1.93,8527428.0,Other Screen Name
Other Manufacturer,Notebook,15.6,8.0,1,Windows,2.2,6571188.0,Full HD
Lenovo,Notebook,15.6,4.0,500,Windows,2.2,3058848.0,Full HD
Lenovo,Notebook,14.0,4.0,500,Windows,2.02,8803080.0,Full HD
HP,Workstation,17.3,8.0,500,Windows,3.14,16547923.0,Other Screen Name
HP,Notebook,14.0,8.0,2,Windows,1.94,3458988.0,Other Screen Name
HP,Notebook,15.6,6.0,256,Windows,1.95,5770908.0,IPS Panel Full HD
Lenovo,Notebook,15.6,8.0,256,Windows,2.3,7380360.0,Full HD
Lenovo,Notebook,15.6,4.0,500,Windows,2.05,6091020.0,Full HD
Other Manufacturer,Notebook,14.0,4.0,32,Windows,1.4,2214108.0,Full HD
Toshiba,Ultrabook,14.0,14.0,512,Windows,1.24,16583580.0,Full HD / Touchscreen
Lenovo,Gaming,17.3,14.0,256,Windows,3.5250000000000004,23679396.0,IPS Panel Full HD
MSI,Gaming,17.3,14.0,512,Windows,3.5250000000000004,24266268.0,Full HD
Dell,Notebook,15.6,8.0,256,Linux,2.2,6660197.0,Full HD
Other Manufacturer,Notebook,14.0,4.0,32,Windows,1.45,3458988.0,IPS Panel Full HD
Dell,Notebook,15.6,8.0,500,Windows,1.9,8967760.0,Full HD
HP,Notebook,13.3,4.0,128,Windows,1.49,6393348.0,Full HD
Dell,Notebook,15.6,14.0,256,Windows,1.93,13670472.0,Full HD
Dell,Netbook,11.600000000000001,4.0,16,MacOS,1.26,2623140.0,Full HD
MSI,Gaming,17.3,14.0,128,Windows,3.5250000000000004,20887308.0,Full HD
HP,Gaming,17.3,14.0,256,Windows,3.5250000000000004,13320216.0,IPS Panel Full HD
Lenovo,Ultrabook,14.0,12.0,256,Windows,1.4,14876316.0,IPS Panel Full HD
Lenovo,Notebook,15.6,12.0,1,Windows,2.2,5415228.0,Touchscreen
Asus,Gaming,17.3,8.0,128,Windows,2.73,15738840.0,IPS Panel Full HD
Asus,2 in 1 Convertible,15.6,8.0,1,Windows,2.2,6571188.0,Touchscreen
Lenovo,Notebook,15.6,12.0,512,Windows,2.2,8438508.0,Full HD
Dell,2 in 1 Convertible,11.600000000000001,4.0,128,Windows,1.39,5361876.0,Touchscreen
Other Manufacturer,Notebook,15.6,14.0,128,Windows,2.5,15107508.0,Full HD
Lenovo,Notebook,17.3,4.0,500,MacOS,2.8,4703868.0,Full HD
Lenovo,Notebook,15.6,8.0,1,Windows,2.29,4081428.0,Full HD
Lenovo,2 in 1 Convertible,13.3,8.0,512,Windows,1.37,18006300.0,IPS Panel Full HD / Touchscreen
Lenovo,Notebook,14.0,8.0,256,Windows,1.7,13106808.0,IPS Panel Full HD
Dell,2 in 1 Convertible,12.5,8.0,256,Windows,1.34,14849640.0,Full HD / Touchscreen
Dell,Workstation,15.6,8.0,256,Windows,2.06,15676596.0,Full HD / Touchscreen
HP,Notebook,15.6,8.0,256,Windows,1.84,10839348.0,Full HD
HP,Notebook,15.6,4.0,500,Windows,2.1,5944124.0,Full HD
Acer,Notebook,14.0,4.0,32,Windows,1.6,2925468.0,Full HD
MSI,Gaming,17.3,14.0,128,Windows,3.5250000000000004,19553508.0,Full HD
Dell,Notebook,15.6,4.0,1,Linux,2.18,4134780.0,Full HD / Touchscreen
MSI,Gaming,15.6,14.0,256,Windows,1.8,20442708.0,Other Screen Name
Toshiba,Notebook,15.6,8.0,256,Windows,2.2,12439908.0,IPS Panel Full HD
Lenovo,Notebook,15.6,6.0,1,Windows,2.4,5015088.0,Full HD
Lenovo,2 in 1 Convertible,15.6,8.0,256,Windows,2.0,11550708.0,IPS Panel Full HD / Touchscreen
Acer,Notebook,14.0,4.0,128,Windows,1.6,3103308.0,Full HD
Lenovo,Notebook,15.6,14.0,1,Windows,2.5,24958343.625,Other Screen Name
Dell,Gaming,15.6,14.0,1,Windows,2.59,7816157.0,Full HD
Dell,Notebook,15.6,4.0,1,Linux,2.18,3947159.0,Full HD
Dell,Notebook,15.6,4.0,1,Linux,2.25,3192228.0,Full HD
Dell,Notebook,15.6,4.0,500,Linux,1.93,7727148.0,Full HD
Asus,Gaming,17.3,8.0,128,Windows,3.0,10385856.0,Full HD
Dell,Notebook,15.6,4.0,128,Linux,2.18,5059548.0,Full HD
HP,Ultrabook,15.6,8.0,512,Windows,1.84,12350988.0,Full HD
MSI,Gaming,15.6,14.0,256,Windows,2.94,20165811.0,Full HD
Acer,2 in 1 Convertible,11.600000000000001,4.0,32,MacOS,1.25,3370068.0,Other Screen Name
HP,Notebook,14.0,8.0,256,Windows,2.31,9994608.0,Full HD
Lenovo,Notebook,14.0,8.0,256,Windows,1.65,13026780.0,Full HD
Dell,Notebook,15.6,4.0,1,Windows,2.2,6900192.0,Full HD
Other Manufacturer,Notebook,15.6,8.0,256,Windows,2.2,7104708.0,Full HD
HP,Notebook,15.6,4.0,500,Windows,1.88,8287344.0,Full HD
Lenovo,Notebook,15.6,8.0,1,Windows,2.2,7993908.0,Full HD
Other Manufacturer,Notebook,14.0,2.0,32,Windows,1.4,2125188.0,Full HD
Lenovo,Notebook,15.6,4.0,128,MacOS,2.2,4161456.0,Full HD
Asus,2 in 1 Convertible,13.3,6.0,1,Windows,1.5,5682077.0,Full HD / Touchscreen
Dell,Notebook,15.6,8.0,256,Windows,2.0,16183440.0,Full HD
Asus,Ultrabook,14.0,14.0,512,Windows,1.1,16894800.0,Full HD
Dell,Gaming,15.6,14.0,256,Windows,2.62,13151268.0,Full HD
Lenovo,Notebook,15.6,4.0,256,Windows,1.8,7371468.0,Full HD
Lenovo,Notebook,15.6,4.0,1,Windows,2.2,5148468.0,Full HD
Asus,Notebook,15.6,8.0,1,Windows,2.0,3547908.0,Full HD
Asus,Notebook,15.6,8.0,1,Windows,1.99,8061665.0,Full HD
Dell,Ultrabook,13.3,8.0,256,Windows,1.23,16619148.0,Quad HD+ / Touchscreen
Lenovo,Notebook,14.0,2.0,32,Windows,1.42,2214108.0,Full HD
Lenovo,2 in 1 Convertible,13.3,8.0,256,Windows,1.37,15626979.0,IPS Panel Full HD / Touchscreen
Dell,Notebook,15.6,14.0,1,Windows,2.06,21331908.0,Other Screen Name
Lenovo,Gaming,15.6,8.0,128,Windows,2.5,9861228.0,IPS Panel Full HD
HP,Notebook,17.0,8.0,1,Windows,2.6,4631843.0,Full HD
Lenovo,Ultrabook,14.0,14.0,512,Windows,1.14,21785400.0,IPS Panel Full HD
Asus,Gaming,15.6,8.0,1,MacOS,2.5,10394748.0,IPS Panel Full HD
Acer,Notebook,15.6,4.0,500,Windows,2.4,4001400.0,Other Screen Name
Lenovo,Notebook,14.0,4.0,32,Windows,1.43,2436408.0,IPS Panel Full HD
Acer,Ultrabook,14.0,8.0,256,Windows,1.8,8171748.0,IPS Panel Full HD
Other Manufacturer,Gaming,14.0,14.0,256,Windows,1.95,23110308.0,Full HD
Toshiba,Notebook,13.3,8.0,256,Windows,1.2,10785996.0,Full HD
Lenovo,Ultrabook,12.5,8.0,256,Windows,1.36,14084928.0,IPS Panel Full HD
Asus,Gaming,17.3,14.0,512,Windows,3.5250000000000004,24888708.0,IPS Panel Full HD
Acer,Gaming,15.6,8.0,1,Linux,2.4,6304428.0,Full HD
Dell,Ultrabook,13.3,8.0,256,Windows,1.2,12892511.0,Full HD
MSI,Gaming,15.6,8.0,128,Windows,2.2,10597486.0,Full HD
HP,Notebook,15.6,4.0,500,MacOS,1.86,3244691.0,Full HD
Toshiba,Notebook,15.6,8.0,500,Windows,2.0,9461088.0,IPS Panel Full HD
Dell,Notebook,15.6,8.0,256,Windows,2.2,8171748.0,Full HD
Dell,Notebook,15.6,14.0,256,Windows,2.2,10092420.0,Full HD
Lenovo,Gaming,15.6,8.0,128,Windows,3.31,10634832.0,IPS Panel Full HD
Dell,Gaming,17.3,14.0,512,Windows,3.5250000000000004,24958343.625,Other Screen Name
Dell,Notebook,14.0,8.0,256,Windows,1.56,10928268.0,Full HD
Lenovo,Notebook,15.6,4.0,500,Windows,2.2,3725748.0,IPS Panel Full HD
Lenovo,Notebook,15.6,4.0,500,Windows,2.2,4757220.0,Full HD
HP,Notebook,15.6,6.0,1,Windows,2.04,4792788.0,Full HD
MSI,Gaming,17.3,8.0,128,Windows,2.7,13220359.0,Full HD
Toshiba,Notebook,15.6,4.0,128,Windows,2.1,4428216.0,IPS Panel Full HD
Dell,Notebook,15.6,8.0,1,Windows,2.06,8491860.0,Full HD
HP,Notebook,15.6,8.0,1,Windows,2.1,6624540.0,Full HD
Toshiba,Notebook,15.6,8.0,256,Windows,2.0,11186136.0,IPS Panel Full HD
Acer,Notebook,15.6,4.0,128,Linux,2.1,3663504.0,Full HD
Other Manufacturer,Ultrabook,13.5,8.0,256,Windows,1.252,16608922.0,Touchscreen
Lenovo,Notebook,15.6,8.0,128,Windows,1.9,7273211.0,Full HD
Lenovo,2 in 1 Convertible,13.3,8.0,256,Windows,1.3,9194328.0,IPS Panel Full HD / Touchscreen
Lenovo,Notebook,15.6,4.0,128,Windows,2.2,3103308.0,IPS Panel Full HD / Touchscreen
HP,2 in 1 Convertible,14.0,4.0,128,Windows,1.63,6215508.0,IPS Panel Full HD / Touchscreen
MSI,Gaming,15.6,14.0,256,Windows,2.4,11506248.0,Full HD
Asus,Ultrabook,14.0,8.0,256,Windows,1.1,10092420.0,Full HD
HP,2 in 1 Convertible,11.600000000000001,8.0,64,MacOS,1.4,4401540.0,Touchscreen
Other Manufacturer,Ultrabook,15.6,8.0,512,Windows,1.09,20442708.0,IPS Panel Full HD
Acer,Gaming,15.6,14.0,256,Windows,2.5,11550708.0,Full HD
MSI,Gaming,15.6,8.0,256,Windows,2.2,8873327.0,Full HD
Asus,Notebook,15.6,4.0,128,Windows,1.86,3725748.0,Full HD
Dell,Gaming,15.6,14.0,128,Windows,3.21,18237492.0,Full HD
HP,Notebook,17.3,4.0,256,Windows,2.5,6215508.0,IPS Panel Full HD
Lenovo,2 in 1 Convertible,13.3,8.0,512,Windows,1.19,13329108.0,IPS Panel Full HD / Touchscreen
Dell,Gaming,15.6,14.0,256,Windows,3.49,24958343.625,Full HD
HP,Notebook,15.6,4.0,500,Windows,1.86,5447328.0,IPS Panel Full HD
Dell,Notebook,15.6,4.0,1,Windows,2.2,4852098.0,Full HD
HP,Notebook,17.3,6.0,2,Windows,2.65,5059548.0,IPS Panel Full HD
Lenovo,Notebook,15.6,4.0,500,Windows,2.1,2827656.0,IPS Panel Full HD / Touchscreen
Acer,Notebook,14.0,4.0,32,MacOS,1.45,3334500.0,Full HD
Lenovo,Notebook,14.0,4.0,256,Windows,1.7,6215508.0,Full HD
HP,Workstation,17.3,8.0,500,Windows,3.14,16965847.0,Full HD
Lenovo,2 in 1 Convertible,14.0,8.0,256,Windows,1.42,23030280.0,Touchscreen
Toshiba,Notebook,13.3,8.0,256,Windows,1.5,8651916.0,IPS Panel Full HD
Acer,Netbook,11.600000000000001,4.0,32,Windows,1.4,2391948.0,Full HD
Lenovo,2 in 1 Convertible,14.0,14.0,512,Windows,1.38,15552108.0,Full HD / Touchscreen
Asus,2 in 1 Convertible,12.5,4.0,64,MacOS,1.2,5948748.0,Full HD / Touchscreen
Toshiba,Ultrabook,13.3,14.0,512,Windows,1.36,16690284.0,Full HD / Touchscreen
HP,Notebook,15.6,4.0,500,Windows,2.1,6126588.0,IPS Panel Full HD
Dell,Gaming,15.6,8.0,1,Windows,2.56,7282548.0,Full HD
Lenovo,Notebook,15.6,4.0,256,Windows,2.2,3547908.0,Full HD
Lenovo,Notebook,15.6,8.0,1,Windows,2.2,3814668.0,Full HD
Lenovo,Notebook,15.6,4.0,1,Windows,2.1,5525933.0,Full HD
Lenovo,Notebook,15.6,4.0,500,MacOS,1.9,4001400.0,Full HD
Dell,Notebook,15.6,8.0,256,Windows,2.18,7069140.0,Full HD
Acer,2 in 1 Convertible,13.3,8.0,256,Windows,1.6,8883108.0,IPS Panel Full HD / Touchscreen
Lenovo,Workstation,15.6,14.0,512,Windows,2.18,16494660.0,Full HD
Lenovo,Notebook,14.0,8.0,256,Windows,1.8,10590372.0,Full HD
HP,Notebook,17.3,6.0,2,Windows,2.71,5824349.0,IPS Panel Full HD
Lenovo,Gaming,15.6,8.0,128,Windows,2.5,11106108.0,IPS Panel Full HD
Dell,Notebook,14.0,8.0,256,Linux,1.64,9683388.0,Full HD
Dell,Notebook,15.6,8.0,1,Linux,1.98,6455592.0,Full HD
Asus,Notebook,14.0,4.0,32,Windows,1.5,2649816.0,Full HD
Dell,Notebook,15.6,14.0,512,Windows,1.93,12685861.0,Full HD
Lenovo,Notebook,14.0,8.0,256,Windows,1.87,7621066.0,IPS Panel Full HD
Dell,Notebook,15.6,8.0,256,Windows,1.9,10483668.0,Full HD
Lenovo,Notebook,15.6,4.0,500,Windows,2.19,2649816.0,IPS Panel Full HD
Other Manufacturer,Notebook,14.0,4.0,32,Windows,1.4,2356380.0,IPS Panel Full HD
HP,Notebook,17.3,8.0,256,Windows,2.63,10670400.0,Full HD
Lenovo,Ultrabook,14.0,8.0,512,Windows,1.17,14997603.0,Other Screen Name
HP,2 in 1 Convertible,13.3,8.0,256,Windows,1.58,7439047.0,Other Screen Name
Lenovo,Ultrabook,14.0,8.0,256,Windows,1.32,13329108.0,IPS Panel Full HD
Dell,Gaming,17.3,14.0,1,Windows,3.5250000000000004,24958343.625,Other Screen Name
MSI,Gaming,17.3,8.0,128,Windows,2.7,11990684.0,Full HD
Lenovo,Notebook,15.6,4.0,1,MacOS,1.9,4356191.0,IPS Panel Full HD
Dell,Notebook,15.6,8.0,128,Windows,2.2,6393348.0,Full HD
Dell,2 in 1 Convertible,13.3,4.0,1,Windows,1.71,5770908.0,Full HD / Touchscreen
Dell,Notebook,15.6,8.0,1,Linux,2.32,5242012.0,Full HD / Touchscreen
HP,Notebook,15.6,4.0,1,Windows,2.1,4348188.0,Full HD
Acer,Gaming,17.3,14.0,128,Windows,3.5250000000000004,17206020.0,IPS Panel Full HD
Dell,Notebook,15.6,12.0,1,Windows,2.25,5770908.0,Full HD / Touchscreen
HP,Notebook,15.6,6.0,128,Windows,2.1,5779800.0,Full HD
Acer,Notebook,15.6,4.0,500,Windows,2.4,4970628.0,IPS Panel Full HD
Lenovo,Notebook,13.3,8.0,256,Windows,1.44,8536320.0,IPS Panel Full HD
Lenovo,Notebook,15.6,4.0,1,Windows,1.85,6926868.0,Full HD
HP,Workstation,15.6,14.0,256,Windows,2.6,21509748.0,Full HD
Dell,2 in 1 Convertible,13.3,8.0,1,Windows,1.55,5859828.0,Full HD / Touchscreen
MSI,Gaming,15.6,14.0,256,Windows,1.8,18624116.0,Full HD
Acer,Notebook,15.6,4.0,500,Windows,2.4,3652834.0,IPS Panel Full HD
Dell,Notebook,15.6,8.0,128,Windows,2.0,10732644.0,Full HD
Dell,Notebook,15.6,8.0,256,Windows,2.0,5913180.0,Full HD
Toshiba,Notebook,14.0,8.0,256,Windows,1.25,13649220.0,IPS Panel Full HD / Touchscreen
Lenovo,2 in 1 Convertible,14.0,8.0,256,Windows,1.7,8883108.0,Full HD / Touchscreen
Lenovo,Workstation,15.6,14.0,1,Windows,2.5,24958343.625,Other Screen Name
Acer,Notebook,14.0,2.0,32,MacOS,1.68,2934360.0,IPS Panel Full HD
Other Manufacturer,Ultrabook,13.3,14.0,256,Windows,0.81,14662908.0,Full HD
HP,Notebook,15.6,8.0,256,Windows,1.86,4792788.0,Full HD
Dell,Notebook,14.0,8.0,256,Windows,1.6,10018705.0,Full HD
HP,Workstation,17.3,14.0,256,Windows,3.0,24958343.625,IPS Panel Full HD
Lenovo,Netbook,11.600000000000001,4.0,128,Windows,1.4,4223700.0,Touchscreen
HP,Notebook,15.6,8.0,256,Windows,1.84,16894800.0,Full HD
Asus,Notebook,15.6,4.0,1,MacOS,2.45,5148468.0,Full HD
Lenovo,Ultrabook,14.0,4.0,1,Windows,1.7,9745632.0,Full HD
Asus,Notebook,15.6,4.0,256,Windows,2.37,7557311.0,Full HD
Lenovo,2 in 1 Convertible,13.3,8.0,256,Windows,1.3,10661508.0,Other Screen Name
HP,Notebook,15.6,8.0,128,Windows,2.2,9772308.0,IPS Panel Full HD
HP,Workstation,15.6,8.0,256,Windows,2.59,13880412.0,Full HD
Dell,Gaming,15.6,14.0,256,Windows,3.5250000000000004,24958343.625,Other Screen Name
Acer,Notebook,15.6,4.0,256,Windows,2.1,5326308.0,IPS Panel Full HD
Lenovo,Gaming,15.6,8.0,128,Windows,2.5,9318816.0,IPS Panel Full HD
Dell,Ultrabook,12.5,14.0,256,Windows,1.18,16530228.0,Full HD
Other Manufacturer,Ultrabook,12.3,8.0,256,MacOS,1.1,13862628.0,Touchscreen
Asus,Ultrabook,13.3,8.0,256,Windows,1.2,10039068.0,Other Screen Name
Dell,Notebook,13.3,4.0,500,Windows,1.65,7549308.0,Full HD
Acer,Notebook,13.3,4.0,128,Windows,1.6,5824260.0,IPS Panel Full HD
Asus,Notebook,17.3,4.0,1,Windows,2.8,4182263.0,Other Screen Name
Dell,Gaming,15.6,14.0,128,Windows,2.72,9772308.0,Other Screen Name
Other Manufacturer,Ultrabook,13.3,8.0,256,Windows,1.31,14218308.0,Full HD / Touchscreen
Acer,Notebook,15.6,4.0,1,Linux,2.1,2649816.0,IPS Panel Full HD
Dell,Notebook,15.6,14.0,256,Windows,2.3,10503853.0,Full HD
Other Manufacturer,2 in 1 Convertible,15.0,14.0,256,Windows,1.71,15996708.0,Full HD / Touchscreen
Toshiba,Notebook,14.0,4.0,128,Windows,1.75,9069840.0,Other Screen Name
Dell,Gaming,15.6,8.0,1,Windows,2.62,9772308.0,Full HD
HP,Ultrabook,12.5,4.0,256,Windows,1.26,11061648.0,Full HD
Asus,2 in 1 Convertible,15.6,12.0,2,Windows,2.3,7460388.0,Full HD / Touchscreen
Lenovo,Notebook,15.6,14.0,512,Windows,2.5,21074040.0,Other Screen Name
Acer,Notebook,14.0,4.0,128,Windows,1.8,5655312.0,IPS Panel Full HD
Other Manufacturer,Gaming,14.0,14.0,512,Windows,1.95,24958343.625,Full HD
Asus,Notebook,15.6,8.0,128,Windows,2.0,5174255.0,Full HD / Touchscreen
Dell,Gaming,17.3,14.0,1,Windows,3.5250000000000004,24958343.625,IPS Panel Full HD
Asus,Gaming,17.3,14.0,256,Windows,3.5250000000000004,20896200.0,IPS Panel Full HD
Toshiba,Ultrabook,14.0,14.0,512,Windows,1.47,15685488.0,IPS Panel Full HD
Lenovo,Notebook,15.6,8.0,1,MacOS,2.2,2925468.0,Other Screen Name
Lenovo,Ultrabook,14.0,14.0,512,Windows,1.7,20442708.0,Full HD
MSI,Gaming,14.0,14.0,256,Windows,1.6,16814772.0,IPS Panel Full HD
MSI,Gaming,15.6,8.0,128,Windows,2.2,9683388.0,Full HD
Lenovo,Gaming,15.6,4.0,1,Windows,2.4,8883108.0,IPS Panel Full HD
Acer,Gaming,17.3,14.0,256,Windows,3.5250000000000004,20442708.0,IPS Panel Full HD
Dell,Gaming,15.6,8.0,256,Windows,2.62,8758620.0,Full HD
Asus,Gaming,15.6,8.0,128,Windows,2.24,11906388.0,Full HD
Other Manufacturer,Notebook,14.0,4.0,32,Windows,1.22,1804187.0,IPS Panel Full HD
Lenovo,2 in 1 Convertible,13.3,8.0,512,Windows,1.37,17517240.0,IPS Panel Full HD / Touchscreen
Lenovo,2 in 1 Convertible,15.6,8.0,256,Windows,2.08,8527428.0,Full HD / Touchscreen
Other Manufacturer,Ultrabook,12.0,8.0,512,MacOS,0.92,10359180.0,IPS Panel Retina Display
Lenovo,2 in 1 Convertible,14.0,8.0,256,Windows,1.42,20718360.0,Other Screen Name
Asus,Notebook,14.0,4.0,32,Windows,1.63,2658708.0,Full HD
Dell,Notebook,15.6,8.0,128,Windows,1.95,7202520.0,Full HD
Lenovo,2 in 1 Convertible,13.9,8.0,256,Windows,1.38,11995308.0,IPS Panel Full HD / Touchscreen
Dell,Notebook,15.6,8.0,256,Windows,2.0,6571188.0,Full HD
HP,Workstation,15.6,8.0,256,Windows,3.14,18361091.0,Full HD
Asus,Notebook,15.6,8.0,256,Windows,2.37,9772308.0,Full HD
Dell,Ultrabook,13.3,8.0,256,Windows,1.29,13329108.0,Full HD
Dell,Notebook,15.6,8.0,256,Windows,2.06,15552108.0,Other Screen Name
Dell,Netbook,11.600000000000001,4.0,128,Windows,1.63,6615648.0,Other Screen Name
HP,Netbook,12.5,8.0,256,Windows,1.26,12350988.0,Full HD
Toshiba,Notebook,15.6,4.0,500,Windows,2.1,6935760.0,IPS Panel Full HD
HP,Notebook,15.6,8.0,2,Windows,2.04,5593068.0,Full HD
Dell,Gaming,15.6,14.0,512,Windows,2.62,14929668.0,Other Screen Name
Lenovo,Notebook,15.6,4.0,1,Windows,2.4,5415228.0,Full HD
HP,Gaming,17.3,12.0,1,Windows,3.5250000000000004,15552108.0,IPS Panel Full HD
MSI,Gaming,17.3,14.0,512,Windows,2.9,21474180.0,Full HD
Other Manufacturer,Ultrabook,13.3,8.0,256,Windows,0.81,13329108.0,Full HD
Dell,Notebook,15.6,8.0,1,Windows,1.98,8545212.0,Full HD
Dell,Notebook,15.6,8.0,256,Windows,2.18,7022991.0,Full HD
Lenovo,Ultrabook,14.0,8.0,256,Windows,1.32,16530228.0,Full HD
Other Manufacturer,Ultrabook,12.5,14.0,512,Windows,1.29,15996708.0,Other Screen Name
HP,Netbook,11.600000000000001,4.0,16,MacOS,1.23,3423420.0,IPS Panel Full HD
Dell,Gaming,17.3,14.0,128,Windows,3.5250000000000004,22274638.0,IPS Panel Full HD
Dell,Notebook,14.0,4.0,500,Windows,1.76,6713460.0,IPS Panel Full HD
Lenovo,Notebook,15.6,4.0,500,Windows,2.1,4356191.0,Full HD
Toshiba,Ultrabook,14.0,4.0,128,Windows,1.25,9692280.0,IPS Panel Full HD
Lenovo,Ultrabook,14.0,8.0,512,Windows,1.13,22221108.0,IPS Panel Full HD
MSI,Gaming,15.6,8.0,256,Windows,2.4,10661508.0,Full HD
Lenovo,Ultrabook,14.0,8.0,256,Windows,1.13,16672500.0,IPS Panel Full HD
Toshiba,Notebook,14.0,4.0,128,Windows,1.75,4437108.0,IPS Panel Full HD
Asus,2 in 1 Convertible,13.3,8.0,256,Windows,1.1,12075336.0,Other Screen Name
Dell,Notebook,14.0,4.0,500,Windows,1.76,5201820.0,IPS Panel Full HD
Acer,Netbook,11.600000000000001,4.0,32,MacOS,1.35,3156660.0,Other Screen Name
Acer,Notebook,14.0,8.0,128,Windows,1.5,5504148.0,IPS Panel Full HD
Other Manufacturer,Gaming,17.3,14.0,512,Windows,3.49,24958343.625,Other Screen Name
Lenovo,Ultrabook,14.0,14.0,512,Windows,1.1,18664308.0,Other Screen Name
Asus,Notebook,15.6,4.0,1,Linux,2.1,4614948.0,Full HD
Lenovo,Notebook,14.0,8.0,256,Windows,1.7,10545912.0,Full HD
Lenovo,Notebook,14.0,8.0,256,Windows,1.32,14671800.0,IPS Panel Full HD
Dell,Gaming,15.6,14.0,256,Windows,3.21,24672010.0,Full HD
Asus,Gaming,17.3,14.0,256,Windows,2.9,21509748.0,Full HD
Toshiba,Notebook,15.6,4.0,500,Windows,2.0,5948748.0,IPS Panel Full HD
Lenovo,Notebook,14.0,4.0,16,MacOS,1.5,2889900.0,IPS Panel Full HD
Asus,Notebook,15.6,8.0,128,Windows,2.3,5246280.0,Full HD
Asus,Gaming,17.3,14.0,512,Windows,2.73,15996708.0,Full HD
Dell,Gaming,17.3,14.0,512,Windows,3.5250000000000004,24958343.625,IPS Panel Full HD
HP,Notebook,17.3,8.0,1,Windows,2.63,8091720.0,IPS Panel Full HD
Dell,Notebook,15.6,8.0,128,Windows,2.18,6348799.0,IPS Panel Full HD
HP,Ultrabook,14.0,8.0,512,Windows,1.54,16628040.0,Full HD
Dell,Notebook,15.6,4.0,256,Windows,2.18,6571188.0,Full HD
HP,2 in 1 Convertible,11.600000000000001,4.0,32,MacOS,1.4,5468580.0,Touchscreen
Asus,Ultrabook,13.3,8.0,512,Windows,1.45,9123192.0,IPS Panel Full HD
HP,2 in 1 Convertible,13.3,8.0,256,Windows,1.28,20247084.0,Full HD / Touchscreen
HP,Ultrabook,14.0,8.0,512,Windows,1.54,13053456.0,Full HD
HP,Notebook,15.6,4.0,128,MacOS,1.86,2658708.0,Full HD
Asus,Gaming,15.6,14.0,128,Windows,2.1,16885908.0,Full HD
Dell,Notebook,17.3,8.0,1,Linux,2.83,7691580.0,Full HD
Lenovo,Ultrabook,14.0,8.0,256,Windows,1.96,16921476.0,IPS Panel Full HD
Asus,Notebook,15.6,8.0,256,Windows,2.3,6998004.0,IPS Panel Full HD
Dell,Notebook,15.6,8.0,128,Windows,1.9,8402940.0,Full HD
Asus,Notebook,15.6,4.0,1,Windows,2.0,3992508.0,IPS Panel Full HD
HP,2 in 1 Convertible,13.3,8.0,256,Windows,1.28,22754628.0,Full HD / Touchscreen
Dell,Notebook,13.3,8.0,1,Windows,1.62,5770908.0,Full HD / Touchscreen
Lenovo,Notebook,15.6,4.0,1,MacOS,2.2,4170348.0,Full HD
Lenovo,Notebook,15.6,8.0,1,Windows,2.3,7564069.0,IPS Panel Full HD
HP,Notebook,15.6,8.0,256,Windows,1.84,11995308.0,Full HD
Toshiba,Notebook,13.3,4.0,128,Windows,1.05,11426220.0,Full HD
Lenovo,Gaming,15.6,8.0,1,MacOS,2.5,9043164.0,IPS Panel Full HD
Dell,Ultrabook,13.3,14.0,512,Windows,1.29,19918080.0,Quad HD+ / Touchscreen
HP,Notebook,15.6,4.0,500,Windows,2.07,8091720.0,Full HD
Toshiba,Ultrabook,13.3,8.0,256,Windows,1.2,9736740.0,Full HD
Lenovo,2 in 1 Convertible,13.3,8.0,256,Windows,1.37,17339400.0,IPS Panel Full HD / Touchscreen
Acer,Notebook,14.0,8.0,256,Windows,1.56,8020584.0,IPS Panel Full HD
Dell,Workstation,15.6,8.0,1,Windows,2.23,15809976.0,Full HD
Lenovo,Notebook,15.6,4.0,500,Windows,2.38,9381060.0,IPS Panel Full HD / Touchscreen
Lenovo,Notebook,15.6,4.0,1,MacOS,2.2,4259268.0,Full HD
Toshiba,Notebook,15.6,8.0,256,Windows,2.0,12342096.0,IPS Panel Full HD
Lenovo,Notebook,13.3,4.0,1,Windows,1.44,6535620.0,IPS Panel Full HD
Other Manufacturer,Ultrabook,15.0,14.0,256,Windows,1.23,16441308.0,Full HD
Dell,Ultrabook,12.5,8.0,256,Windows,1.6,15027480.0,Full HD
Asus,Notebook,15.6,4.0,1,Linux,2.0,3547819.0,IPS Panel Full HD
Other Manufacturer,Ultrabook,13.3,8.0,256,Windows,1.28,8314020.0,IPS Panel Full HD
Dell,Notebook,15.6,4.0,128,Windows,2.18,8113950.0,Full HD
HP,Notebook,15.6,4.0,256,Windows,2.04,7460388.0,Full HD
HP,2 in 1 Convertible,13.3,4.0,256,Windows,1.28,15116400.0,Full HD / Touchscreen
HP,2 in 1 Convertible,15.6,4.0,500,Windows,2.3,6089242.0,Touchscreen
Asus,Notebook,14.1,4.0,32,Windows,1.65,3094416.0,IPS Panel Full HD
Lenovo,Notebook,15.6,8.0,1,Windows,2.2,5948748.0,IPS Panel Full HD
Dell,Notebook,15.6,4.0,500,Windows,2.2,3281148.0,Full HD
HP,2 in 1 Convertible,13.3,4.0,256,Windows,1.28,15996708.0,Full HD / Touchscreen
Dell,Notebook,15.6,4.0,1,Linux,2.18,4052084.0,Full HD
Asus,Gaming,17.3,12.0,128,Windows,2.2,12181151.0,Full HD
Acer,Netbook,11.600000000000001,4.0,32,MacOS,1.25,2640924.0,Other Screen Name
Lenovo,Notebook,17.3,4.0,500,Windows,2.8,3370068.0,IPS Panel Full HD
HP,Notebook,14.0,4.0,128,Windows,1.95,11248380.0,Full HD
HP,2 in 1 Convertible,13.3,14.0,256,Windows,1.42,12439908.0,Quad HD+ / Touchscreen
Other Manufacturer,Ultrabook,15.0,8.0,256,Windows,1.17,15107508.0,Full HD
Lenovo,Ultrabook,14.0,8.0,256,Windows,1.32,15996708.0,IPS Panel Full HD
MSI,Gaming,17.3,14.0,512,Windows,2.43,23554908.0,Other Screen Name
Toshiba,Notebook,13.3,8.0,256,Windows,1.05,13115700.0,Full HD
Dell,Gaming,15.6,8.0,1,Linux,2.62,8260668.0,Full HD
HP,Notebook,15.6,8.0,1,Windows,2.04,8002800.0,Full HD
Dell,Notebook,15.6,4.0,1,Windows,2.18,5459688.0,Full HD
Dell,Notebook,15.6,8.0,500,Windows,1.9,8314020.0,Full HD
Dell,2 in 1 Convertible,13.3,8.0,512,Windows,1.24,17900485.0,Quad HD+ / Touchscreen
Asus,Gaming,17.3,14.0,256,Windows,3.5250000000000004,11372868.0,IPS Panel Full HD
Dell,2 in 1 Convertible,13.3,14.0,256,Windows,1.22,14662908.0,Full HD / Touchscreen
Lenovo,Ultrabook,14.0,8.0,256,Windows,1.13,18219708.0,IPS Panel Full HD
Lenovo,Notebook,15.6,8.0,512,Windows,1.95,17454907.0,IPS Panel Full HD
Other Manufacturer,Ultrabook,15.6,14.0,512,Windows,1.08,18664308.0,IPS Panel Full HD / Touchscreen
HP,Netbook,12.5,8.0,512,Windows,1.26,13186836.0,Full HD
Acer,Notebook,15.6,4.0,16,MacOS,2.2,3192228.0,IPS Panel Full HD
Lenovo,Notebook,15.6,8.0,128,Windows,2.6,7015788.0,IPS Panel Full HD
Other Manufacturer,Ultrabook,14.0,8.0,512,Windows,0.98,16885908.0,IPS Panel Full HD / Touchscreen
Dell,Notebook,14.0,8.0,256,Windows,1.6,10714860.0,Full HD
HP,Ultrabook,12.5,8.0,240,Windows,1.09,24958343.625,Other Screen Name
Lenovo,Notebook,15.6,6.0,256,Windows,2.2,7015788.0,Full HD
HP,Notebook,15.6,8.0,256,Windows,2.04,9060859.0,Full HD
Acer,Notebook,15.6,4.0,1,Windows,2.4,4437108.0,Full HD
Lenovo,Notebook,13.3,4.0,128,Windows,1.44,7833852.0,Full HD
HP,Notebook,13.3,8.0,256,Windows,1.49,8536320.0,Full HD
MSI,Gaming,17.3,14.0,256,Windows,2.7,14218308.0,Full HD
Dell,Gaming,15.6,14.0,128,Windows,2.6,11995308.0,Full HD
MSI,Gaming,15.6,8.0,128,Windows,2.2,9958240.0,Full HD
Dell,Notebook,15.6,4.0,1,Windows,2.18,6090931.0,Full HD
HP,Ultrabook,15.6,8.0,256,Windows,1.84,11532835.0,Full HD
HP,Ultrabook,13.3,8.0,256,Windows,1.39,10216908.0,Quad HD+ / Touchscreen
Toshiba,Notebook,15.6,14.0,256,Windows,2.4,17561700.0,IPS Panel Full HD
Lenovo,2 in 1 Convertible,13.3,8.0,512,Windows,1.37,16227900.0,IPS Panel Full HD / Touchscreen
Dell,Notebook,15.6,4.0,500,Windows,1.95,6490271.0,Full HD
Lenovo,Ultrabook,12.5,8.0,256,Windows,1.36,14671800.0,IPS Panel Full HD
HP,Notebook,15.6,8.0,256,Windows,2.31,10359180.0,Full HD
Dell,Notebook,15.6,4.0,1,Windows,2.18,6296070.0,Full HD
HP,Notebook,14.0,4.0,500,Windows,1.95,10216908.0,Full HD
Lenovo,Notebook,15.6,4.0,1,Windows,2.2,2747628.0,IPS Panel Full HD
HP,Ultrabook,12.5,4.0,500,Windows,1.26,14040468.0,Full HD
HP,Notebook,15.6,4.0,1,MacOS,1.86,2568899.0,Full HD
Lenovo,2 in 1 Convertible,13.3,14.0,1,Windows,1.3,15996708.0,Other Screen Name
Toshiba,Notebook,14.0,4.0,128,Windows,1.47,9825660.0,IPS Panel Full HD
HP,Netbook,12.5,8.0,256,Windows,1.26,14840748.0,Full HD
Dell,Notebook,15.6,4.0,1,Windows,2.18,4967071.0,Full HD
MSI,Gaming,15.6,8.0,128,Windows,2.2,10661508.0,Full HD
Dell,Ultrabook,14.0,8.0,256,Windows,1.36,14573988.0,Full HD
Dell,Gaming,17.3,14.0,512,Windows,3.5250000000000004,24524136.0,Full HD
HP,Gaming,17.3,8.0,128,Windows,2.75,12439908.0,IPS Panel Full HD
Asus,Notebook,17.3,4.0,1,Windows,2.8,4712760.0,IPS Panel Full HD
Acer,Notebook,15.6,4.0,500,Windows,2.23,5504148.0,Full HD
Toshiba,Notebook,15.6,8.0,256,Windows,2.2,9950148.0,IPS Panel Full HD
Lenovo,2 in 1 Convertible,11.600000000000001,8.0,256,Windows,1.1,11550708.0,IPS Panel Full HD / Touchscreen
Lenovo,Gaming,15.6,14.0,512,Windows,2.5,8883108.0,IPS Panel Full HD
Dell,Ultrabook,12.5,8.0,256,Windows,1.36,13090802.0,Full HD / Touchscreen
Lenovo,Notebook,15.6,8.0,1,MacOS,2.2,6091020.0,Full HD
Dell,Notebook,17.3,4.0,1,Windows,2.36,5859828.0,Full HD / Touchscreen
Acer,Notebook,14.0,4.0,32,MacOS,1.68,3103308.0,Full HD
HP,Workstation,15.6,8.0,8,Windows,2.0,19998108.0,IPS Panel Full HD
Dell,Ultrabook,14.0,8.0,256,Windows,1.36,15783300.0,Full HD
Toshiba,Notebook,13.3,8.0,256,Windows,1.2,12982320.0,Full HD
Asus,2 in 1 Convertible,12.5,8.0,64,MacOS,1.2,10305828.0,Full HD
Lenovo,Ultrabook,14.0,8.0,256,Windows,1.7,13240099.0,IPS Panel Full HD
Dell,Gaming,17.3,14.0,512,Windows,3.5250000000000004,24958343.625,Other Screen Name
Dell,2 in 1 Convertible,13.3,8.0,256,Windows,1.24,16885908.0,Full HD / Touchscreen
HP,2 in 1 Convertible,11.600000000000001,4.0,256,Windows,1.45,6891300.0,Touchscreen
Dell,Ultrabook,13.3,8.0,256,Windows,1.3,11275056.0,Other Screen Name
Acer,2 in 1 Convertible,11.600000000000001,4.0,32,MacOS,1.25,3458988.0,Other Screen Name
Toshiba,Notebook,13.3,8.0,256,Windows,1.2,13649220.0,Full HD
Lenovo,Ultrabook,12.5,8.0,256,Windows,1.36,15649920.0,IPS Panel Full HD
Acer,Notebook,15.6,12.0,128,Windows,2.4,8972028.0,Full HD
Toshiba,Ultrabook,12.5,8.0,512,Windows,1.1,15916680.0,Full HD / Touchscreen
HP,Notebook,15.6,8.0,1,Windows,2.04,7527078.0,Touchscreen
Dell,Notebook,15.6,4.0,1,Linux,2.25,4140293.0,Other Screen Name
Dell,Notebook,15.6,4.0,500,Windows,1.9,7335900.0,Other Screen Name
HP,Notebook,15.6,4.0,500,Windows,2.04,6091020.0,Full HD
Dell,Gaming,17.3,14.0,256,Windows,3.5250000000000004,24958343.625,IPS Panel Full HD
Lenovo,Notebook,15.6,6.0,256,Windows,2.4,6179940.0,Full HD
Dell,2 in 1 Convertible,13.3,14.0,512,Windows,1.22,16885908.0,Quad HD+ / Touchscreen
Dell,Ultrabook,14.0,8.0,256,Windows,1.5,17454818.0,Touchscreen
Dell,Gaming,17.3,14.0,256,Windows,3.5250000000000004,24897600.0,Full HD
Toshiba,Notebook,14.0,8.0,256,Windows,1.95,10492560.0,Full HD
Asus,Gaming,17.3,14.0,256,Windows,2.73,18227711.0,Full HD
HP,Notebook,15.6,8.0,128,Windows,2.04,8705268.0,IPS Panel Full HD
Lenovo,Notebook,14.0,4.0,508,Windows,1.7,8909784.0,Full HD
HP,Notebook,15.6,6.0,1,Windows,2.04,5148468.0,IPS Panel Full HD
Asus,Gaming,17.3,14.0,256,Windows,2.99,15552108.0,Full HD
Dell,2 in 1 Convertible,15.6,12.0,512,Windows,2.19,11550708.0,IPS Panel Full HD / Touchscreen
Toshiba,Notebook,13.3,4.0,128,Windows,1.2,10625940.0,Full HD
Lenovo,Notebook,15.6,6.0,256,Windows,2.2,4881708.0,Full HD
Other Manufacturer,Notebook,15.6,4.0,256,Windows,2.3,5770908.0,Full HD
Toshiba,Notebook,14.0,4.0,500,Windows,1.75,8136180.0,Full HD
Dell,Notebook,15.6,4.0,500,Windows,2.25,5326308.0,IPS Panel Full HD / Touchscreen
HP,Notebook,15.6,8.0,1,Windows,2.04,7166952.0,Full HD
Lenovo,Gaming,15.6,8.0,128,Windows,2.5,10572588.0,IPS Panel Full HD
Dell,Notebook,15.6,8.0,1,Windows,2.36,6660108.0,IPS Panel Full HD / Touchscreen
Dell,Notebook,14.0,8.0,128,Windows,1.6,9950148.0,Full HD
HP,Netbook,12.5,8.0,512,Windows,0.97,16965936.0,Full HD
HP,Notebook,15.6,4.0,128,Windows,2.1,4437108.0,Full HD
Lenovo,Notebook,15.6,8.0,256,Windows,2.3,11995308.0,Full HD
Dell,2 in 1 Convertible,13.3,8.0,256,Windows,1.68,7904988.0,Full HD / Touchscreen
Asus,Notebook,13.3,8.0,256,Windows,1.4,10225800.0,Other Screen Name
HP,Ultrabook,13.3,8.0,256,Windows,1.11,11995308.0,IPS Panel Full HD / Touchscreen
Acer,Notebook,15.6,4.0,500,Windows,2.4,3378960.0,Full HD
Asus,Gaming,15.6,14.0,256,Windows,2.5,15996708.0,Full HD
HP,Ultrabook,14.0,8.0,512,Windows,1.48,18575388.0,Full HD
Acer,Gaming,15.6,8.0,128,Windows,2.7,11203920.0,IPS Panel Full HD
HP,Notebook,13.3,8.0,256,Windows,1.34,10572588.0,IPS Panel Full HD
Dell,Notebook,15.6,4.0,128,Windows,2.18,4863924.0,Full HD / Touchscreen
HP,Notebook,14.0,4.0,500,Windows,1.64,6926868.0,IPS Panel Full HD
Toshiba,Notebook,13.3,4.0,128,Windows,1.2,10625940.0,Full HD
HP,Notebook,14.0,4.0,256,Windows,1.48,9781111.0,IPS Panel Full HD
HP,Notebook,14.0,4.0,256,Windows,1.95,10714860.0,Full HD
HP,Ultrabook,14.0,8.0,256,Windows,1.43,12884508.0,Full HD
HP,Notebook,14.0,8.0,256,Windows,1.64,9330020.0,Full HD
HP,Notebook,14.0,4.0,500,Windows,1.64,6082128.0,Full HD
Dell,Gaming,15.6,8.0,1,Windows,2.65,8438508.0,Full HD
HP,Ultrabook,12.5,4.0,500,Windows,1.26,13684788.0,Full HD
HP,Notebook,14.0,4.0,256,Windows,1.48,14138280.0,Full HD
HP,Ultrabook,14.0,8.0,256,Windows,1.54,16781071.0,Full HD
HP,Notebook,13.3,4.0,500,Windows,1.49,7113600.0,Full HD
Toshiba,Notebook,13.3,8.0,256,Windows,1.5,10759320.0,Full HD
HP,Notebook,15.6,4.0,256,Windows,2.04,6846751.0,Full HD
Lenovo,Notebook,17.3,14.0,512,Windows,2.4,24958343.625,Other Screen Name
Toshiba,Notebook,14.0,8.0,256,Windows,1.47,13249080.0,IPS Panel Full HD
HP,Notebook,14.0,8.0,256,Windows,1.43,19820268.0,Full HD
Dell,2 in 1 Convertible,15.6,4.0,1,Windows,2.08,7077943.0,IPS Panel Full HD / Touchscreen
Toshiba,Ultrabook,13.3,8.0,256,Windows,1.2,14138280.0,Full HD
HP,Notebook,13.3,8.0,256,Windows,1.11,10216908.0,IPS Panel Full HD
HP,Notebook,14.0,8.0,256,Windows,1.64,10540844.0,Full HD
Dell,Notebook,15.6,8.0,500,Windows,2.09,9304944.0,Full HD
HP,Ultrabook,12.5,4.0,256,Windows,1.26,13862628.0,Full HD
HP,Notebook,14.0,4.0,500,Windows,2.31,10572588.0,Full HD
HP,Notebook,14.0,4.0,500,Windows,1.95,9425520.0,Full HD
Dell,Ultrabook,13.3,8.0,256,Windows,1.29,14440608.0,Quad HD+ / Touchscreen
HP,Notebook,17.3,8.0,256,Windows,2.63,9603360.0,Full HD
HP,Notebook,14.0,4.0,256,Windows,1.64,8651916.0,Full HD
Acer,Notebook,15.6,6.0,1,Windows,2.1,3636828.0,IPS Panel Full HD
MSI,Gaming,17.3,8.0,128,Windows,2.7,10597486.0,Full HD
HP,Notebook,14.0,8.0,256,Windows,1.95,10625940.0,Full HD
HP,Notebook,15.6,8.0,256,Windows,1.84,10928179.0,Full HD
HP,Ultrabook,12.5,8.0,256,Windows,1.26,11995308.0,Full HD
HP,Notebook,15.6,4.0,500,Windows,2.04,6597864.0,Full HD
Toshiba,Ultrabook,14.0,8.0,256,Windows,1.47,15338700.0,IPS Panel Full HD
Dell,Notebook,15.6,8.0,256,Windows,2.09,9451751.0,Full HD
HP,Notebook,14.0,8.0,256,Windows,1.64,8985455.0,Full HD
Lenovo,2 in 1 Convertible,15.6,4.0,256,Windows,1.8,7531524.0,IPS Panel Full HD / Touchscreen
Other Manufacturer,Notebook,14.0,2.0,32,Windows,1.45,1874434.0,IPS Panel Full HD
Toshiba,Notebook,15.6,14.0,256,Windows,2.4,12671100.0,IPS Panel Full HD
Lenovo,Notebook,15.6,8.0,256,Windows,2.3,9333043.0,Full HD
HP,Notebook,14.0,4.0,500,Windows,1.54,8892000.0,Full HD
HP,Notebook,15.6,8.0,256,Windows,1.84,18702899.0,Full HD
HP,Notebook,14.0,8.0,256,Windows,1.43,13062348.0,Full HD
MSI,Gaming,17.3,14.0,256,Windows,3.5250000000000004,13743831.0,IPS Panel Full HD
Lenovo,Gaming,17.3,14.0,128,Windows,3.5250000000000004,20362591.0,IPS Panel Full HD
Lenovo,Notebook,14.0,14.0,256,Windows,1.1,23297040.0,Other Screen Name
HP,Notebook,15.6,8.0,1,Windows,1.91,8705268.0,IPS Panel Full HD
Dell,2 in 1 Convertible,15.6,8.0,256,Windows,2.3,9727848.0,IPS Panel Full HD / Touchscreen
HP,Notebook,15.6,4.0,256,Windows,2.04,8705268.0,IPS Panel Full HD
Dell,Ultrabook,13.3,14.0,1,Windows,1.2,20042568.0,Quad HD+ / Touchscreen
HP,Notebook,15.6,4.0,500,Windows,2.31,6270194.0,IPS Panel Full HD
Acer,Notebook,15.6,8.0,1,Windows,2.4,3992508.0,IPS Panel Full HD
Dell,2 in 1 Convertible,13.3,12.0,256,Windows,1.6,11550708.0,IPS Panel Full HD / Touchscreen
MSI,Gaming,15.6,14.0,256,Windows,2.94,16174548.0,Full HD
HP,Notebook,15.6,8.0,256,Windows,2.04,9514440.0,Full HD
Dell,Notebook,15.6,4.0,1,Windows,2.25,4970628.0,Full HD
Dell,Notebook,15.6,14.0,2,Windows,2.32,8802991.0,Full HD
MSI,Gaming,15.6,14.0,256,Windows,1.8,17152668.0,Full HD
Dell,Ultrabook,13.3,8.0,256,Windows,1.29,12964536.0,Full HD
Asus,Gaming,17.3,14.0,1,Windows,3.5250000000000004,24958343.625,IPS Panel Full HD
Dell,2 in 1 Convertible,13.3,8.0,256,Windows,1.62,7095905.0,Full HD / Touchscreen
Dell,Gaming,15.6,14.0,256,Windows,3.21,11817468.0,Other Screen Name
Dell,Notebook,15.6,4.0,500,Windows,2.06,4285766.0,Other Screen Name
HP,Notebook,15.6,4.0,500,Windows,2.31,10661508.0,Full HD
HP,Ultrabook,12.5,8.0,256,Windows,1.26,10661508.0,Full HD
HP,Notebook,13.3,8.0,256,Windows,1.49,9692280.0,Full HD
Lenovo,Ultrabook,12.5,8.0,256,Windows,1.3,15236353.0,IPS Panel Full HD / Touchscreen
Lenovo,Notebook,17.3,8.0,1,Windows,3.0,5859828.0,IPS Panel Full HD / Touchscreen
Lenovo,Notebook,15.6,4.0,1,Windows,2.3,8687484.0,IPS Panel Full HD
MSI,Gaming,17.3,14.0,256,Windows,3.5250000000000004,22221108.0,Full HD
Lenovo,Notebook,15.6,4.0,500,Windows,2.1,4801680.0,IPS Panel Full HD
HP,Notebook,15.6,4.0,500,Windows,2.31,8358480.0,Full HD
Lenovo,Ultrabook,12.5,8.0,512,Windows,0.99,12439908.0,Other Screen Name
Lenovo,Gaming,17.3,14.0,512,Windows,3.5250000000000004,24958343.625,IPS Panel Full HD
Lenovo,2 in 1 Convertible,11.600000000000001,4.0,64,Windows,0.69,5746633.0,Other Screen Name
HP,Ultrabook,13.3,14.0,512,Windows,1.3,18219708.0,Other Screen Name
Dell,Notebook,15.6,8.0,256,Windows,2.18,6669000.0,Full HD
HP,Notebook,14.0,4.0,500,Windows,1.54,9167563.0,Full HD
HP,Workstation,15.6,8.0,256,Windows,1.9,13293540.0,Full HD
Lenovo,Notebook,14.0,8.0,1,Windows,1.7,10661508.0,Full HD
Acer,Notebook,15.6,4.0,500,Windows,2.4,3441204.0,IPS Panel Full HD
Asus,Gaming,17.3,8.0,256,Windows,2.7,14218308.0,IPS Panel Full HD
Dell,Ultrabook,13.3,4.0,256,Windows,1.4,7276768.0,IPS Panel Full HD
HP,Netbook,12.5,4.0,128,Windows,2.4,14218308.0,Full HD
Acer,Notebook,15.6,8.0,256,Windows,2.4,7104708.0,Full HD
Dell,Notebook,15.6,8.0,1,Windows,2.36,5680210.0,Full HD
MSI,Gaming,17.3,8.0,256,Windows,2.6,14218308.0,Full HD
HP,Notebook,15.6,4.0,1,Windows,1.96,4446000.0,Full HD
Asus,Gaming,17.3,14.0,128,Windows,3.5250000000000004,20442708.0,IPS Panel Full HD
Dell,Ultrabook,12.5,4.0,500,Windows,1.5,10093754.0,Full HD
Dell,Ultrabook,12.5,4.0,128,Windows,1.5,10376697.0,Full HD
HP,Workstation,17.3,8.0,1,Windows,3.0,24958343.625,IPS Panel Full HD
Lenovo,Gaming,15.6,14.0,512,Windows,2.4,10661508.0,Full HD
Dell,Ultrabook,12.5,8.0,256,Windows,1.5,12565285.0,Full HD
MSI,Gaming,17.3,8.0,128,Windows,2.9,13437501.0,Full HD
Lenovo,2 in 1 Convertible,15.6,4.0,256,Windows,2.1,7709364.0,IPS Panel Full HD / Touchscreen
HP,Notebook,15.6,4.0,1,Windows,2.1,3539016.0,Full HD
Asus,Gaming,15.6,14.0,128,Windows,2.59,11906388.0,IPS Panel Full HD
HP,Notebook,13.3,8.0,256,Windows,1.16,15107508.0,Quad HD+ / Touchscreen
Dell,Notebook,15.6,4.0,500,Windows,2.24,6839282.0,Full HD
Lenovo,Notebook,15.6,4.0,128,Windows,2.1,3814668.0,IPS Panel Full HD / Touchscreen
HP,Ultrabook,13.3,8.0,512,Windows,1.16,17508348.0,Full HD
Dell,Ultrabook,13.3,8.0,256,Windows,1.23,12262068.0,Full HD
Lenovo,Gaming,17.3,14.0,256,Windows,3.5250000000000004,24452911.0,IPS Panel Full HD
Other Manufacturer,Ultrabook,12.5,8.0,256,Windows,1.25,9149868.0,Other Screen Name
Toshiba,Ultrabook,13.3,14.0,512,Windows,1.05,19793592.0,Full HD
Asus,Gaming,17.3,8.0,128,Windows,3.52,11670661.0,Full HD
Other Manufacturer,Notebook,13.3,4.0,32,Windows,1.35,1742832.0,Full HD
HP,Notebook,13.3,8.0,256,Windows,1.16,15027480.0,Full HD
HP,Notebook,14.0,8.0,256,Windows,1.43,13453596.0,Full HD
Asus,Notebook,15.6,4.0,1,Windows,2.0,3868020.0,Full HD
Lenovo,2 in 1 Convertible,14.0,8.0,256,Windows,1.8,14840748.0,IPS Panel Full HD / Touchscreen
Lenovo,2 in 1 Convertible,11.600000000000001,4.0,64,Windows,0.69,4259268.0,Other Screen Name
HP,Ultrabook,12.5,8.0,256,Windows,1.26,16850340.0,Full HD
HP,Gaming,17.3,8.0,128,Windows,3.35,10039068.0,IPS Panel Full HD
HP,Notebook,15.6,8.0,2,Windows,2.04,5593068.0,IPS Panel Full HD
Lenovo,2 in 1 Convertible,14.0,8.0,512,Windows,1.8,18231979.0,IPS Panel Full HD / Touchscreen
Asus,Notebook,14.0,4.0,32,Windows,1.5,2471976.0,Full HD
HP,Ultrabook,15.6,8.0,256,Windows,1.84,6686784.0,Full HD
Acer,Notebook,15.6,4.0,1,Windows,2.23,5477472.0,Full HD
Lenovo,Notebook,15.6,14.0,1,Windows,2.5,9772308.0,Full HD
HP,Workstation,17.3,8.0,256,Windows,3.0,24958343.625,IPS Panel Full HD
Dell,Notebook,15.6,8.0,1,Windows,2.5,6971328.0,Full HD
MSI,Gaming,17.3,14.0,256,Windows,3.5250000000000004,21331908.0,Full HD
HP,Ultrabook,15.6,8.0,256,Windows,1.88,19310934.0,Full HD
Lenovo,2 in 1 Convertible,14.0,14.0,512,Windows,2.8,21696480.0,Other Screen Name
MSI,Gaming,15.6,8.0,128,Windows,2.4,10161778.0,Full HD
HP,2 in 1 Convertible,13.3,8.0,256,Windows,1.48,14485068.0,Full HD / Touchscreen
HP,Workstation,15.6,8.0,256,Windows,2.59,19820268.0,IPS Panel Full HD
HP,2 in 1 Convertible,13.3,8.0,256,Windows,1.48,15996708.0,Touchscreen
HP,Workstation,15.6,8.0,256,Windows,2.0,16885908.0,Full HD
HP,Ultrabook,12.5,8.0,256,Windows,1.26,20424479.0,Full HD
Dell,Notebook,15.6,8.0,256,Windows,2.18,8980031.0,Full HD
HP,Notebook,15.6,8.0,256,Windows,1.88,14040468.0,Full HD
Lenovo,2 in 1 Convertible,14.0,8.0,256,Windows,1.27,20798388.0,Other Screen Name
HP,Notebook,15.6,4.0,500,Windows,1.86,2640924.0,Full HD
Dell,Gaming,15.6,8.0,1,Windows,2.62,10661508.0,Full HD
Dell,Notebook,15.6,8.0,256,Windows,2.04,20013047.0,Other Screen Name
HP,Notebook,15.6,4.0,256,Windows,1.91,4258290.0,Full HD
MSI,Gaming,17.3,14.0,256,Windows,2.7,13273978.0,Full HD
Lenovo,Ultrabook,14.0,12.0,512,Windows,1.4,20442708.0,Full HD
Lenovo,Notebook,15.6,8.0,1,Windows,2.5,7011253.0,Full HD
HP,2 in 1 Convertible,13.3,8.0,512,Windows,1.48,18148572.0,Touchscreen
Lenovo,Ultrabook,14.0,8.0,256,Windows,1.7,13329108.0,Full HD
MSI,Gaming,14.0,14.0,256,Windows,1.7,15729948.0,Full HD
HP,Gaming,15.6,8.0,1,Windows,2.62,7993908.0,IPS Panel Full HD
Lenovo,Notebook,15.6,8.0,1,Windows,2.2,4081428.0,Full HD
Dell,Gaming,15.6,8.0,128,Windows,2.62,13320216.0,Other Screen Name
Lenovo,Notebook,15.6,8.0,256,Windows,1.95,12359880.0,IPS Panel Full HD
Lenovo,Notebook,15.6,4.0,1,Windows,2.2,4161456.0,Full HD
HP,Notebook,14.0,2.0,32,Windows,1.44,2214108.0,IPS Panel Full HD
MSI,Gaming,15.6,8.0,1,Windows,2.2,7460388.0,IPS Panel Full HD
HP,Notebook,15.6,8.0,256,Windows,1.96,6037668.0,Full HD
HP,Notebook,15.6,14.0,512,Windows,2.1,10305828.0,Full HD
Asus,Notebook,15.6,4.0,500,Windows,2.2,3281148.0,Full HD
Asus,Notebook,14.0,4.0,256,Windows,2.0,6837948.0,Full HD
Lenovo,Notebook,15.6,4.0,1,Windows,2.32,7335900.0,Full HD
Lenovo,Gaming,15.6,14.0,512,Windows,3.31,11604060.0,IPS Panel Full HD
MSI,Gaming,15.6,14.0,128,Windows,1.91,19147766.0,Full HD
HP,Notebook,15.6,4.0,500,Windows,2.07,5779800.0,Full HD
Lenovo,2 in 1 Convertible,14.0,8.0,256,Windows,1.36,14556204.0,Other Screen Name
Lenovo,Ultrabook,15.6,6.0,256,Windows,1.54,7389252.0,Full HD
Acer,Notebook,15.6,4.0,500,Windows,2.1,2961036.0,Full HD
HP,Notebook,15.6,6.0,1,Windows,2.18,7104708.0,IPS Panel Full HD
Asus,Gaming,15.6,8.0,256,Windows,2.591,8082828.0,IPS Panel Full HD
Dell,2 in 1 Convertible,15.6,14.0,512,Windows,2.09,10483668.0,Full HD / Touchscreen
Acer,Notebook,15.6,4.0,256,Windows,2.23,6144372.0,Full HD
Acer,Gaming,17.3,14.0,256,Windows,3.5250000000000004,23110308.0,IPS Panel Full HD
Lenovo,Gaming,15.6,8.0,1,Windows,2.4,7282548.0,IPS Panel Full HD
HP,Notebook,15.6,4.0,500,Windows,1.86,4312620.0,IPS Panel Full HD
Dell,2 in 1 Convertible,13.3,8.0,256,Windows,1.6,10661508.0,IPS Panel Full HD / Touchscreen
HP,Notebook,15.6,12.0,128,Windows,2.21,11799684.0,IPS Panel Full HD
Asus,Gaming,17.3,14.0,512,Windows,3.5250000000000004,19117800.0,IPS Panel Full HD
MSI,Gaming,17.3,14.0,256,Windows,2.43,18218819.0,Full HD
Dell,Notebook,15.6,4.0,128,Windows,2.3,4437108.0,IPS Panel Full HD / Touchscreen
Dell,2 in 1 Convertible,15.6,14.0,512,Windows,2.0,11426220.0,Full HD / Touchscreen
Dell,Ultrabook,13.3,14.0,512,Windows,1.2,23830560.0,Quad HD+ / Touchscreen
Asus,Gaming,15.6,8.0,1,Windows,2.2,10394748.0,Full HD
Dell,Notebook,15.6,8.0,256,Windows,2.36,7904988.0,Full HD
HP,Notebook,15.6,8.0,256,Windows,1.91,5148468.0,IPS Panel Full HD
Lenovo,Notebook,15.6,4.0,500,Windows,2.2,2658708.0,IPS Panel Full HD
Acer,Notebook,17.3,8.0,1,Windows,3.3,5593068.0,IPS Panel Full HD
Asus,Gaming,15.6,14.0,256,Windows,2.2,21776508.0,Full HD
Asus,Notebook,15.6,14.0,128,Windows,2.2,15552108.0,Full HD
MSI,Gaming,17.3,14.0,256,Windows,2.43,17330419.0,IPS Panel Full HD
Dell,2 in 1 Convertible,15.6,8.0,256,Windows,2.191,8883108.0,IPS Panel Full HD / Touchscreen
Asus,Gaming,17.3,14.0,256,Windows,2.9,17330508.0,Full HD
Acer,Notebook,17.3,4.0,1,Windows,3.3,5317416.0,IPS Panel Full HD
Lenovo,Gaming,15.6,8.0,128,Windows,2.6,11310624.0,IPS Panel Full HD
Acer,2 in 1 Convertible,14.0,8.0,256,Windows,1.2,10216908.0,IPS Panel Full HD / Touchscreen
Lenovo,Notebook,15.6,8.0,256,Windows,2.3,13595868.0,IPS Panel Full HD
MSI,Gaming,15.6,8.0,128,Windows,2.2,13125570.0,Full HD
HP,Notebook,15.6,6.0,1,Windows,2.1,4703868.0,Full HD
Dell,Ultrabook,12.5,8.0,256,Windows,1.26,15235286.0,Full HD / Touchscreen
Dell,2 in 1 Convertible,15.0,4.0,500,Windows,2.08,4526028.0,Full HD / Touchscreen
Asus,Notebook,15.6,4.0,1,Windows,2.65,2747628.0,Full HD
Dell,Ultrabook,13.3,8.0,256,Windows,1.29,13133484.0,Quad HD+ / Touchscreen
Lenovo,Gaming,15.6,14.0,128,Windows,2.6,9149868.0,IPS Panel Full HD / Touchscreen
MSI,Gaming,15.6,8.0,128,Windows,2.2,10216908.0,Full HD
Lenovo,Netbook,12.5,14.0,512,Windows,1.3,14671800.0,IPS Panel Full HD / Touchscreen
Other Manufacturer,Gaming,14.0,14.0,1,Windows,1.95,24958343.625,Full HD
Dell,Notebook,15.6,8.0,1,Windows,2.3,4170437.0,Touchscreen
MSI,Gaming,17.3,14.0,256,Windows,2.7,14209416.0,Full HD
HP,Notebook,15.6,4.0,1,Windows,2.1,4250376.0,Full HD
HP,Ultrabook,14.0,8.0,256,Windows,1.54,19546305.0,Full HD
Dell,Notebook,15.6,4.0,500,Windows,2.24,6553404.0,Touchscreen
MSI,Gaming,15.6,8.0,128,Windows,2.3,10394748.0,Full HD
Lenovo,Notebook,13.3,14.0,512,Windows,1.4,13329108.0,IPS Panel Full HD
Lenovo,Notebook,15.6,6.0,256,Windows,2.2,5313592.0,Full HD
Asus,Ultrabook,13.3,8.0,256,Windows,1.45,11381760.0,Full HD
Dell,2 in 1 Convertible,17.3,14.0,512,Windows,2.77,15996708.0,Full HD / Touchscreen
HP,Notebook,14.0,4.0,256,Windows,1.54,9781111.0,Full HD
Asus,Gaming,15.6,14.0,256,Windows,2.5,14227200.0,IPS Panel Full HD
Dell,Notebook,14.0,4.0,500,Windows,1.6,7780500.0,Full HD / Touchscreen
Asus,Gaming,15.6,14.0,256,Windows,2.34,20673900.0,IPS Panel Full HD
Dell,2 in 1 Convertible,13.3,8.0,256,Windows,1.24,16121196.0,Quad HD+ / Touchscreen
HP,Notebook,15.6,4.0,500,Windows,1.86,3547908.0,Full HD
Lenovo,Notebook,15.6,6.0,128,Windows,2.4,5059548.0,Full HD
Lenovo,Notebook,14.0,8.0,256,Windows,1.9,9532224.0,IPS Panel Full HD
Dell,Notebook,15.6,4.0,500,Windows,2.2,3947959.0,Quad HD+ / Touchscreen
Asus,Notebook,15.6,4.0,1,Windows,2.0,3014388.0,IPS Panel Full HD
Asus,Gaming,17.3,14.0,128,Windows,3.5250000000000004,16894800.0,IPS Panel Full HD
Dell,Notebook,15.6,4.0,500,Windows,2.29,4357080.0,Quad HD+ / Touchscreen
Lenovo,Notebook,15.6,8.0,1,Windows,2.32,7958340.0,Full HD
MSI,Gaming,15.6,8.0,128,Windows,2.4,10928268.0,Full HD
Lenovo,2 in 1 Convertible,14.0,4.0,128,Windows,1.8,7407125.0,Full HD / Touchscreen
Asus,Ultrabook,13.3,8.0,512,Windows,1.2,6482268.0,IPS Panel Full HD
Dell,Notebook,15.6,6.0,1,Windows,2.3,4081428.0,Quad HD+ / Touchscreen
Dell,Notebook,15.6,2.0,500,Windows,2.2,3370068.0,Quad HD+ / Touchscreen
Lenovo,Notebook,15.6,8.0,1,Windows,2.6,7993908.0,IPS Panel Full HD
HP,Notebook,15.6,6.0,1,Windows,2.04,4890511.0,Full HD
HP,Netbook,11.600000000000001,2.0,32,Windows,1.17,1858428.0,Full HD
Asus,Notebook,15.6,4.0,500,Windows,2.2,6405085.0,IPS Panel Full HD
Lenovo,2 in 1 Convertible,14.0,4.0,128,Windows,1.8,5673096.0,IPS Panel Full HD / Touchscreen
Lenovo,2 in 1 Convertible,13.3,14.0,512,Windows,1.3,13329108.0,Other Screen Name
Lenovo,Notebook,14.0,2.0,64,Windows,1.5,2036268.0,Other Screen Name
HP,Notebook,15.6,6.0,1,Windows,2.19,6793488.0,Full HD
Asus,Notebook,15.6,4.0,500,Windows,2.2,3281148.0,IPS Panel Full HD
